Player 1,Player 2,Similarity
"G. Sueva (22, Olbia, Serie C 22-23)","A. Campos (27, Herediano, Costa Rica Primera División 22-23)",48.54185594232303
"G. Sueva (22, Olbia, Serie C 22-23)","T. Lauritsen (25, Sparta Rotterdam, Eredivisie 22-23)",14.236039342660842
"G. Sueva (22, Olbia, Serie C 22-23)","V. Pisarskiy (27, Krylya Sovetov, Russian Premier League 22-23)",26.5729809871522
"G. Sueva (22, Olbia, Serie C 22-23)","J. Strand Larsen (23, Celta de Vigo, La Liga 22-23)",29.879406899533063
"G. Sueva (22, Olbia, Serie C 22-23)","C. Nyman (30, IFK Norrköping, Allsvenskan 2023)",29.03267203613992
"G. Sueva (22, Olbia, Serie C 22-23)","D. Hayashi (25, Sint-Truiden, Belgian Pro League 22-23)",62.24012565257125
"G. Sueva (22, Olbia, Serie C 22-23)","S. Gallagher (27, Blackburn Rovers, Championship 22-23)",44.23269365873915
"G. Sueva (22, Olbia, Serie C 22-23)","J. Stanković (22, Tabor Sežana, 1. SNL 22-23)",12.723690180159672
"G. Sueva (22, Olbia, Serie C 22-23)","K. Kasongo (28, Sakaryaspor, Turkish 1. Lig 22-23)",22.01226015751752
"G. Sueva (22, Olbia, Serie C 22-23)","M. Macuphu (34, Royal AM, South Africa PSL 22-23)",31.356230829031112
"G. Sueva (22, Olbia, Serie C 22-23)","A. Ciocâlteu (33, Slatina, Romanian Liga II 22-23)",19.80140877287909
"G. Sueva (22, Olbia, Serie C 22-23)","Derik Lacerda (23, Ponferradina, La Liga 2 22-23)",53.3387740217664
"G. Sueva (22, Olbia, Serie C 22-23)","V. Osuagwu (19, FS Jelgava, Virsliga 2023)",21.469405502744948
"G. Sueva (22, Olbia, Serie C 22-23)","V. Lizunovs (19, BFC Daugavpils, Virsliga 2023)",22.483305293551364
"G. Sueva (22, Olbia, Serie C 22-23)","M. Shevlin (24, Coleraine, Northern Ireland Premiership 22-23)",26.67890937515359
"G. Sueva (22, Olbia, Serie C 22-23)","Álex Poves (31, Penya Encarnada, Andorra Primera Divisió 22-23)",42.99052272594903
"G. Sueva (22, Olbia, Serie C 22-23)","B. Sambou (24, Wydad Casablanca, Botola Pro 22-23)",26.69841664859927
"G. Sueva (22, Olbia, Serie C 22-23)","Jefferson Duque (36, Atlético Nacional, Colombian Primera Division 22-23)",28.250304228701623
"G. Sueva (22, Olbia, Serie C 22-23)","Juan Delgado (29, La Nucía, Primera División RFEF 22-23)",20.012245367503485
"G. Sueva (22, Olbia, Serie C 22-23)","N. Buso (23, Lecco, Serie C 22-23)",45.774929634458125
"G. Sueva (22, Olbia, Serie C 22-23)","M. Balotelli (32, Sion, Swiss Super League 22-23)",6.386021198860373
"G. Sueva (22, Olbia, Serie C 22-23)","R. Maniero (35, Turris, Serie C 22-23)",27.048739091034253
"G. Sueva (22, Olbia, Serie C 22-23)","A. Abed (33, Maccabi Bnei Raina, Ligat Ha'al 22-23)",24.56862474002016
"G. Sueva (22, Olbia, Serie C 22-23)","J. Clarke-Harris (28, Peterborough United, League One 22-23)",19.66951751776215
"G. Sueva (22, Olbia, Serie C 22-23)","R. Oates (28, Mansfield Town, League Two 22-23)",22.19857846496085
"G. Sueva (22, Olbia, Serie C 22-23)","H. Lorentzen (25, Helmond Sport, Eerste Divisie 22-23)",18.85199169544901
"G. Sueva (22, Olbia, Serie C 22-23)","Y. Kakitani (33, Tokushima Vortis, J2 2023)",4.945634460909955
"G. Sueva (22, Olbia, Serie C 22-23)","B. Lovrencsics (31, Soroksár SC, NB II 22-23)",16.97191465177108
"G. Sueva (22, Olbia, Serie C 22-23)","S. Braken (29, VVV Venlo, Eerste Divisie 22-23)",4.405947235475548
"G. Sueva (22, Olbia, Serie C 22-23)","S. Teranuma (22, Mito Hollyhock, J2 2023)",23.615135968462727
"G. Sueva (22, Olbia, Serie C 22-23)","K. Duah (26, Nürnberg, 2. Bundesliga 22-23)",27.02073901311829
"G. Sueva (22, Olbia, Serie C 22-23)","Y. En-Nesyri (26, Sevilla, La Liga 22-23)",31.388701812846737
"G. Sueva (22, Olbia, Serie C 22-23)","Patric (35, Kyoto Sanga, J1 2023)",11.957795294145845
"G. Sueva (22, Olbia, Serie C 22-23)","D. Jurić (25, Rijeka, 1. HNL 22-23)",27.1328045999326
"G. Sueva (22, Olbia, Serie C 22-23)","T. Parrott (21, Preston North End, Championship 22-23)",49.73670024758543
"G. Sueva (22, Olbia, Serie C 22-23)","T. Orebonye (27, Khouribga, Botola Pro 22-23)",29.157683655175333
"G. Sueva (22, Olbia, Serie C 22-23)","E. Nevitt (27, Crewe Alexandra, League Two 22-23)",32.62614127611961
"G. Sueva (22, Olbia, Serie C 22-23)","I. Pikis (22, Akritas, Cyprus 1. Division 22-23)",43.66537114716962
"G. Sueva (22, Olbia, Serie C 22-23)","C. Lungoyi (22, Ascoli, Serie B 22-23)",47.10216345571504
"G. Sueva (22, Olbia, Serie C 22-23)","G. Ugwu (30, Jeddah, Saudi First Division 22-23)",43.048867762326026
"G. Sueva (22, Olbia, Serie C 22-23)","Yasin Hamed (23, Békéscsaba, NB II 22-23)",17.04161262124274
"G. Sueva (22, Olbia, Serie C 22-23)","D. Popa (27, Chindia Târgovişte, SuperLiga României 22-23)",22.74786933985262
"G. Sueva (22, Olbia, Serie C 22-23)","L. Kulenović (23, Sloga Doboj, Bosnian Premier League 22-23)",12.401922802953438
"G. Sueva (22, Olbia, Serie C 22-23)","P. Engblom (31, GIF Sundsvall, Superettan 2023)",1.469905665281591
"G. Sueva (22, Olbia, Serie C 22-23)","Rubén Enri (25, Cornellà, Primera División RFEF 22-23)",43.13356577313655
"G. Sueva (22, Olbia, Serie C 22-23)","R. Ripart (30, Troyes, Ligue 1 22-23)",34.47931465493848
"G. Sueva (22, Olbia, Serie C 22-23)","R. Pandre (28, Kenkre, I-League 22-23)",21.48866154648303
"G. Sueva (22, Olbia, Serie C 22-23)","J. Reid (28, Stevenage, League Two 22-23)",33.79188465245289
"G. Sueva (22, Olbia, Serie C 22-23)","R. Martínez (27, Platense, Argentinian Primera División 2023)",36.488208593706936
"G. Sueva (22, Olbia, Serie C 22-23)","A. Gevorkyan (30, Shirak, Armenian Premier League 22-23)",48.58542387097378
"G. Sueva (22, Olbia, Serie C 22-23)","S. Longo (22, Turris, Serie C 22-23)",32.06529047247959
"G. Sueva (22, Olbia, Serie C 22-23)","D. Hughes (30, Newry City AFC, Northern Ireland Premiership 22-23)",20.066082080273308
"G. Sueva (22, Olbia, Serie C 22-23)","Pablo García (25, Ceuta, Primera División RFEF 22-23)",5.947145098580664
"G. Sueva (22, Olbia, Serie C 22-23)","S. Smith (25, Cambridge United, League One 22-23)",30.196305146002626
"G. Sueva (22, Olbia, Serie C 22-23)","P. Gorgiev (28, Sileks, North Macedonia First League 22-23)",8.567925453397242
"G. Sueva (22, Olbia, Serie C 22-23)","A. Rolfini (26, Vicenza, Serie C 22-23)",42.54670978148161
"G. Sueva (22, Olbia, Serie C 22-23)","R. Becerra (35, Deportivo Cuenca, Ecuador Liga Pro 2023)",25.026866891220063
"G. Sueva (22, Olbia, Serie C 22-23)","G. Pantsulaia (29, Kaspyi, Kazakh Premier League 2023)",9.181584153579884
"G. Sueva (22, Olbia, Serie C 22-23)","J. Pohjanpalo (28, Venezia, Serie B 22-23)",9.173649956844033
"G. Sueva (22, Olbia, Serie C 22-23)","P. Owusu (26, Jahn Regensburg, 2. Bundesliga 22-23)",41.91833686103688
"G. Sueva (22, Olbia, Serie C 22-23)","I. Sokolov (21, Shinnik, Russian FNL 2 22-23)",22.77833660617776
"G. Sueva (22, Olbia, Serie C 22-23)","J. Arp (23, Holstein Kiel, 2. Bundesliga 22-23)",-8.414825472004166
"G. Sueva (22, Olbia, Serie C 22-23)","E. Koljič (27, Universitatea Craiova, SuperLiga României 22-23)",25.336828794323385
"G. Sueva (22, Olbia, Serie C 22-23)","F. Melchiorri (36, Ancona, Serie C 22-23)",-8.934305421707519
"G. Sueva (22, Olbia, Serie C 22-23)","B. Miovski (23, Aberdeen, Scottish Premiership 22-23)",35.08583929783626
"G. Sueva (22, Olbia, Serie C 22-23)","E. Ómarsson (28, NAC Breda, Eerste Divisie 22-23)",28.80256608288505
"G. Sueva (22, Olbia, Serie C 22-23)","L. Hinterseer (32, Hansa Rostock, 2. Bundesliga 22-23)",41.13068779293637
"G. Sueva (22, Olbia, Serie C 22-23)","C. Bunino (26, Lecco, Serie C 22-23)",46.08367013895426
"G. Sueva (22, Olbia, Serie C 22-23)","G. Manousos (35, Lamia, Greek Super League 22-23)",61.97591939058044
"G. Sueva (22, Olbia, Serie C 22-23)","D. Dike (22, West Bromwich Albion, Championship 22-23)",20.992688119878128
"G. Sueva (22, Olbia, Serie C 22-23)","Do-Hyung Kim (32, Jeonju, K4 League 2023)",-0.6474414834219063
"G. Sueva (22, Olbia, Serie C 22-23)","Ekain Zenitagoia (29, Ibiza, La Liga 2 22-23)",45.57196322834113
"G. Sueva (22, Olbia, Serie C 22-23)","B. Sadik (36, Doxa, Cyprus 1. Division 22-23)",32.91775129015332
"G. Sueva (22, Olbia, Serie C 22-23)","M. Brunori (28, Palermo, Serie B 22-23)",25.413930731134784
"G. Sueva (22, Olbia, Serie C 22-23)","J. Davison (23, AFC Wimbledon, League Two 22-23)",38.836282947127984
"G. Sueva (22, Olbia, Serie C 22-23)","Alex Forés (22, Villarreal B, La Liga 2 22-23)",10.191850822135086
"G. Sueva (22, Olbia, Serie C 22-23)","P. Schick (27, Bayer Leverkusen, Bundesliga 22-23)",26.077588794031943
"G. Sueva (22, Olbia, Serie C 22-23)","A. Sbaffo (32, Recanatese, Serie C 22-23)",-9.18721627648616
"G. Sueva (22, Olbia, Serie C 22-23)","Gleyson Oliveira (26, Gyeongnam, K League 2 2023)",23.465609235247005
"G. Sueva (22, Olbia, Serie C 22-23)","D. Teodorović (21, Voždovac, Serbian SuperLiga 22-23)",71.44680910978238
"G. Sueva (22, Olbia, Serie C 22-23)","Júlio Tavares (34, Al Raed, Saudi Professional League 22-23)",16.973383525545422
"G. Sueva (22, Olbia, Serie C 22-23)","P. Daka (24, Leicester City, Premier League 22-23)",23.82673952505496
"G. Sueva (22, Olbia, Serie C 22-23)","F. Brodić (26, Varaždin, 1. HNL 22-23)",19.885610732757264
"G. Sueva (22, Olbia, Serie C 22-23)","Mendi (29, Gokulam Kerala, I-League 22-23)",9.925470018983198
"G. Sueva (22, Olbia, Serie C 22-23)","D. Yusov (30, Chornomorets, Ukrainian Premier Liha 22-23)",33.67070096888073
"G. Sueva (22, Olbia, Serie C 22-23)","А. Buksa (20, Standard Liège II, Belgian First Division B 22-23)",31.5603963163234
"G. Sueva (22, Olbia, Serie C 22-23)","S. Bahoken (31, Kasımpaşa, Süper Lig 22-23)",45.69374176935767
"G. Sueva (22, Olbia, Serie C 22-23)","D. Baumann (28, Zwickau, 3. Liga 22-23)",33.209460962865165
"G. Sueva (22, Olbia, Serie C 22-23)","W. Amoah (23, Kapfenberger SV, Austrian 2. Liga 22-23)",26.97038415590433
"G. Sueva (22, Olbia, Serie C 22-23)","Álex López (29, Cornellà, Primera División RFEF 22-23)",27.55979839684379
"G. Sueva (22, Olbia, Serie C 22-23)","T. Fonseca (35, Marsaxlokk, Malta Premier League 22-23)",32.48647709811511
"G. Sueva (22, Olbia, Serie C 22-23)","G. Lloyd (23, Grimsby Town, League Two 22-23)",31.15072295023425
"G. Sueva (22, Olbia, Serie C 22-23)","M. Olivieri (23, Perugia, Serie B 22-23)",39.281197753979285
"G. Sueva (22, Olbia, Serie C 22-23)","D. Traore (24, TS Galaxy FC, South Africa PSL 22-23)",36.14097794241853
"G. Sueva (22, Olbia, Serie C 22-23)","K. Czubak (23, Arka Gdynia, Polish I Liga 22-23)",12.947842628143686
"G. Sueva (22, Olbia, Serie C 22-23)","Sascha (36, Inter Club d'Escaldes, Andorra Primera Divisió 22-23)",16.817965472684765
"G. Sueva (22, Olbia, Serie C 22-23)","M. O’Connor (24, Dungannon Swifts, Northern Ireland Premiership 22-23)",25.35825366619351
"G. Sueva (22, Olbia, Serie C 22-23)","Chuma (26, Mérida AD, Primera División RFEF 22-23)",55.09925095261067
"G. Sueva (22, Olbia, Serie C 22-23)","T. Verheydt (31, ADO Den Haag, Eerste Divisie 22-23)",8.652951746950606
"G. Sueva (22, Olbia, Serie C 22-23)","Flávio Silva (27, Persik Kediri, BRI Liga 1 22-23)",19.30843364506267
"G. Sueva (22, Olbia, Serie C 22-23)","W. Grigg (31, Milton Keynes Dons, League One 22-23)",41.62742245067804
"G. Sueva (22, Olbia, Serie C 22-23)","T. Pellegrini (27, Vorwärts Steyr, Austrian 2. Liga 22-23)",41.95217459408697
"G. Sueva (22, Olbia, Serie C 22-23)","J. Stockley (29, Fleetwood Town, League One 22-23)",20.60353131570128
"G. Sueva (22, Olbia, Serie C 22-23)","A. Nemec (37, Voluntari, SuperLiga României 22-23)",21.139519210472248
"G. Sueva (22, Olbia, Serie C 22-23)","L. Mafouta (28, Quevilly Rouen, Ligue 2 22-23)",27.804258667538235
"G. Sueva (22, Olbia, Serie C 22-23)","F. Fedato (30, Vis Pesaro, Serie C 22-23)",38.391601097302186
"G. Sueva (22, Olbia, Serie C 22-23)","Matheus Aias (26, Racing Santander, La Liga 2 22-23)",32.86324953473582
"G. Sueva (22, Olbia, Serie C 22-23)","S. Sáez (38, Everton, Chilean Primera División 2023)",8.097997642275116
"G. Sueva (22, Olbia, Serie C 22-23)","A. Ceesay (29, Lecce, Serie A 22-23)",43.5056729851321
"G. Sueva (22, Olbia, Serie C 22-23)","R. Stewart (26, Sunderland, Championship 22-23)",7.913798082640441
"G. Sueva (22, Olbia, Serie C 22-23)","Carlos Bravo (30, Real Unión, Primera División RFEF 22-23)",50.87646225265061
"G. Sueva (22, Olbia, Serie C 22-23)","M. Fitzpatrick (28, Glenavon, Northern Ireland Premiership 22-23)",15.761199360980882
"G. Sueva (22, Olbia, Serie C 22-23)","O. Goudiaby (28, Pelister, North Macedonia First League 22-23)",5.189048120768948
"G. Sueva (22, Olbia, Serie C 22-23)","X. Skuka (24, Partizani Tirana, Albanian Premier League 22-23)",12.342791014707949
"G. Sueva (22, Olbia, Serie C 22-23)","L. Appéré (24, Northampton Town, League Two 22-23)",43.7290588399933
"G. Sueva (22, Olbia, Serie C 22-23)","M. Brajanac (22, Hobro, Danish 1. Division 22-23)",17.716504890243076
"G. Sueva (22, Olbia, Serie C 22-23)","Matheus Souza (29, Balzan, Malta Premier League 22-23)",51.91288187896141
"G. Sueva (22, Olbia, Serie C 22-23)","J. Pross (21, Austria Wien II, Austrian 2. Liga 22-23)",13.69197317311421
"G. Sueva (22, Olbia, Serie C 22-23)","A. Dzyuba (34, Lokomotiv Moskva, Russian Premier League 22-23)",-8.897494806477996
"G. Sueva (22, Olbia, Serie C 22-23)","R. Tudor (20, Unirea Constanța, Romanian Liga II 22-23)",50.8213688717516
"G. Sueva (22, Olbia, Serie C 22-23)","A. Compagno (27, FCS Bucureşti, SuperLiga României 22-23)",21.0831200213743
"G. Sueva (22, Olbia, Serie C 22-23)","M. Badamosi (24, Čukarički, Serbian SuperLiga 22-23)",31.60856004764107
"G. Sueva (22, Olbia, Serie C 22-23)","P. Šafranko (28, Sepsi, SuperLiga României 22-23)",29.336913666426927
"G. Sueva (22, Olbia, Serie C 22-23)","M. Krstovski (25, Akademija Pandev, North Macedonia First League 22-23)",36.56394276021345
"G. Sueva (22, Olbia, Serie C 22-23)","O. Yilmaz (25, Horn, Austrian 2. Liga 22-23)",30.96011344132428
"G. Sueva (22, Olbia, Serie C 22-23)","Enric Gallego (36, Tenerife, La Liga 2 22-23)",34.70030433746767
"G. Sueva (22, Olbia, Serie C 22-23)","M. Ilievski (21, Várda SE, NB I 22-23)",34.62811494233887
"G. Sueva (22, Olbia, Serie C 22-23)","D. Wilson (26, Sutton United, League Two 22-23)",28.40726957224072
"G. Sueva (22, Olbia, Serie C 22-23)","Higinio Marín (29, Albacete, La Liga 2 22-23)",39.800110920590335
"G. Sueva (22, Olbia, Serie C 22-23)","L. Dykes (27, Queens Park Rangers, Championship 22-23)",19.52980121870249
"G. Sueva (22, Olbia, Serie C 22-23)","S. Nachmani (20, Hapoel Hadera, Ligat Ha'al 22-23)",36.53707465676438
"G. Sueva (22, Olbia, Serie C 22-23)","E. Yeboah (20, CFR Cluj, SuperLiga României 22-23)",39.22881200676408
"G. Sueva (22, Olbia, Serie C 22-23)","T. Knowles (24, Walsall, League Two 22-23)",1.215927248254762
"G. Sueva (22, Olbia, Serie C 22-23)","I. Niane (24, Metz, Ligue 2 22-23)",27.9076681435802
"G. Sueva (22, Olbia, Serie C 22-23)","S. Babić (23, Petrovac, Montenegro First League 22-23)",30.000623546052303
"G. Sueva (22, Olbia, Serie C 22-23)","D. Ward (32, Huddersfield Town, Championship 22-23)",22.939798066433468
"G. Sueva (22, Olbia, Serie C 22-23)","M. Ramić (30, Igman Konjic, Bosnian Premier League 22-23)",21.329707682102317
"G. Sueva (22, Olbia, Serie C 22-23)","T. Hemed (36, Hapoel Be'er Sheva, Ligat Ha'al 22-23)",19.5503983116416
"G. Sueva (22, Olbia, Serie C 22-23)","P. Giakoumakis (30, Olympiakos, Cyprus 1. Division 22-23)",46.13727063562977
"G. Sueva (22, Olbia, Serie C 22-23)","L. Candellone (25, Pordenone, Serie C 22-23)",32.16979090216625
"G. Sueva (22, Olbia, Serie C 22-23)","F. Gouré (21, Újpest, NB I 22-23)",17.66852718981049
"G. Sueva (22, Olbia, Serie C 22-23)","Jon Karrikaburu (20, Leganés, La Liga 2 22-23)",46.946684720857206
"G. Sueva (22, Olbia, Serie C 22-23)","M. Antonio (33, West Ham United, Premier League 22-23)",29.24656978889478
"G. Sueva (22, Olbia, Serie C 22-23)","O. Ighalo (33, Al Hilal, Saudi Professional League 22-23)",15.421487105407325
"G. Sueva (22, Olbia, Serie C 22-23)","Ali Al Hamadi (21, AFC Wimbledon, League Two 22-23)",13.311776090984988
"G. Sueva (22, Olbia, Serie C 22-23)","D. Beljo (21, Augsburg, Bundesliga 22-23)",29.3539211300258
"G. Sueva (22, Olbia, Serie C 22-23)","D. Tumbas (23, Rudar, Montenegro First League 22-23)",41.43316749163347
"G. Sueva (22, Olbia, Serie C 22-23)","H. Osman (21, Rizespor, Turkish 1. Lig 22-23)",25.75796116259937
"G. Sueva (22, Olbia, Serie C 22-23)","J. Franco Aldana (21, Mixco, Guatemala Liga Nacional 22-23)",35.29249658647888
"G. Sueva (22, Olbia, Serie C 22-23)","T. Henry (28, Hellas Verona, Serie A 22-23)",40.07818926549671
"G. Sueva (22, Olbia, Serie C 22-23)","E. Harrison (29, Port Vale, League One 22-23)",18.680052631423305
"G. Sueva (22, Olbia, Serie C 22-23)","M. Macauley (31, PDRM, Malaysian Super League 2023)",-4.872535518337258
"G. Sueva (22, Olbia, Serie C 22-23)","A. Puzirevskis (20, FK Metta, Virsliga 2023)",34.035476225491536
"G. Sueva (22, Olbia, Serie C 22-23)","A. Hernández (32, Atlético de San Luis, Liga MX 22-23)",30.851387208456305
"G. Sueva (22, Olbia, Serie C 22-23)","R. Dadashov (24, Grasshopper, Swiss Super League 22-23)",35.134283531953145
"G. Sueva (22, Olbia, Serie C 22-23)","D. Dibirgadzhiev (26, Veles, Russian FNL 2 22-23)",32.035786470144686
"G. Sueva (22, Olbia, Serie C 22-23)","A. Idah (22, Norwich City, Championship 22-23)",42.45600592598258
"G. Sueva (22, Olbia, Serie C 22-23)","K. Doherty (21, Clyde, Scottish League One 22-23)",52.85821909288766
"G. Sueva (22, Olbia, Serie C 22-23)","S. Kashket (27, Gillingham, League Two 22-23)",42.47472840873406
"G. Sueva (22, Olbia, Serie C 22-23)","R. Martignago (31, Alessandria, Serie C 22-23)",27.53629831784988
"G. Sueva (22, Olbia, Serie C 22-23)","H. Komori (22, JEF United, J2 2023)",18.808055419776235
"G. Sueva (22, Olbia, Serie C 22-23)","O. Ožegović (28, Volos NFC, Greek Super League 22-23)",49.20616062840038
"G. Sueva (22, Olbia, Serie C 22-23)","A. Deljkin (32, Volgar Astrakhan, Russian FNL 2 22-23)",35.11773387592938
"G. Sueva (22, Olbia, Serie C 22-23)","Mario Losada (26, Unionistas de Salamanca, Primera División RFEF 22-23)",40.90109755654954
"G. Sueva (22, Olbia, Serie C 22-23)","F. Bertoglio (32, Asteras Tripolis, Greek Super League 22-23)",31.72299457320605
"G. Sueva (22, Olbia, Serie C 22-23)","N. Nanni (23, Olbia, Serie C 22-23)",24.69414444788965
"G. Sueva (22, Olbia, Serie C 22-23)","T. Deeney (34, Birmingham City, Championship 22-23)",12.013724507355027
"G. Sueva (22, Olbia, Serie C 22-23)","S. Odey (25, Randers, Superliga 22-23)",28.85061944953381
"G. Sueva (22, Olbia, Serie C 22-23)","O. McBurnie (26, Sheffield United, Championship 22-23)",22.89293625360259
"G. Sueva (22, Olbia, Serie C 22-23)","S. Feiertag (21, Amstetten, Austrian 2. Liga 22-23)",26.265935576355027
"G. Sueva (22, Olbia, Serie C 22-23)","J. Tiehi (21, Hamilton Academical, Scottish Championship 22-23)",30.29069167807802
"G. Sueva (22, Olbia, Serie C 22-23)","C. Tommasini (25, Taranto, Serie C 22-23)",40.096436643572616
"G. Sueva (22, Olbia, Serie C 22-23)","K. Bowie (20, Northampton Town, League Two 22-23)",45.148927552000494
"G. Sueva (22, Olbia, Serie C 22-23)","G. Courtet (34, Guingamp, Ligue 2 22-23)",27.87943376690197
"G. Sueva (22, Olbia, Serie C 22-23)","J. Kenny (20, Shamrock Rovers, League of Ireland PL 2023)",35.002196070063135
"G. Sueva (22, Olbia, Serie C 22-23)","O. Rousias (30, Enosis, Cyprus 1. Division 22-23)",39.4713679675984
"G. Sueva (22, Olbia, Serie C 22-23)","D. Duffy (39, Stranraer, Scottish League Two 22-23)",39.94084508323261
"G. Sueva (22, Olbia, Serie C 22-23)","E. Godspower (24, Chippa United, South Africa PSL 22-23)",28.41002933640546
"G. Sueva (22, Olbia, Serie C 22-23)","G. Parigi (26, Arzignano Valchiampo, Serie C 22-23)",16.667626661270102
"G. Sueva (22, Olbia, Serie C 22-23)","Busi (25, Mérida AD, Primera División RFEF 22-23)",50.24956825126965
"G. Sueva (22, Olbia, Serie C 22-23)","Edgar Méndez (33, Necaxa, Liga MX 22-23)",30.15723848877841
"G. Sueva (22, Olbia, Serie C 22-23)","L. Almási (24, Baník Ostrava, Czech Fortuna Liga 22-23)",10.963942373501109
"G. Sueva (22, Olbia, Serie C 22-23)","K. Tanimura (25, Iwaki, J2 2023)",7.845085460267841
"G. Sueva (22, Olbia, Serie C 22-23)","Woo Je-Wook (29, Busan Transportation, K3 League 2023)",14.083516177028503
"G. Sueva (22, Olbia, Serie C 22-23)","R. Faust (27, Petrovac, Montenegro First League 22-23)",32.31168106477422
"G. Sueva (22, Olbia, Serie C 22-23)","D. Parkhouse (23, Cliftonville, Northern Ireland Premiership 22-23)",39.20292401098142
"G. Sueva (22, Olbia, Serie C 22-23)","S. Folarin (22, Harrogate Town, League Two 22-23)",59.68469338298556
"G. Sueva (22, Olbia, Serie C 22-23)","A. Ignea (34, ASU Poli, Romanian Liga II 22-23)",12.198277840553017
"G. Sueva (22, Olbia, Serie C 22-23)","G. Kyeremateng (24, Thun, Swiss Challenge League 22-23)",23.82868825605433
"G. Sueva (22, Olbia, Serie C 22-23)","M. Osmajić (23, Vizela, Primeira Liga 22-23)",34.01334944375171
"G. Sueva (22, Olbia, Serie C 22-23)","M. El Idrissy (24, Ajaccio, Ligue 1 22-23)",54.24590215635234
"G. Sueva (22, Olbia, Serie C 22-23)","Héctor Hernández (27, Chaves, Primeira Liga 22-23)",26.627164148367825
"G. Sueva (22, Olbia, Serie C 22-23)","J. Szalai (20, Dorogi FC, NB II 22-23)",33.99095378641982
"G. Sueva (22, Olbia, Serie C 22-23)","J. Brown (25, Stoke City, Championship 22-23)",43.06486119908065
"G. Sueva (22, Olbia, Serie C 22-23)","L. Stanzani (23, Pro Patria, Serie C 22-23)",37.522850875623526
"G. Sueva (22, Olbia, Serie C 22-23)","Igor Thiago (21, Ludogorets, Bulgarian First League 22-23)",17.856068393557837
"G. Sueva (22, Olbia, Serie C 22-23)","L. Hartwig (20, St. Pölten, Austrian 2. Liga 22-23)",12.839332767152795
"G. Sueva (22, Olbia, Serie C 22-23)","J. Gullan (23, Raith Rovers, Scottish Championship 22-23)",17.67558947193374
"G. Sueva (22, Olbia, Serie C 22-23)","O. Ojetunde (20, Lernayin Artsakh, Armenian Premier League 22-23)",56.15107266103328
"G. Sueva (22, Olbia, Serie C 22-23)","A. Ujah (32, Eintracht Braunschweig, 2. Bundesliga 22-23)",13.38366761775202
"G. Sueva (22, Olbia, Serie C 22-23)","Tiago Tomás (20, Stuttgart, Bundesliga 22-23)",17.75231995658793
"G. Sueva (22, Olbia, Serie C 22-23)","L. Fülöp (25, Universitatea Cluj, SuperLiga României 22-23)",36.00142484125532
"G. Sueva (22, Olbia, Serie C 22-23)","R. Borré (27, Eintracht Frankfurt, Bundesliga 22-23)",33.72442296987781
"G. Sueva (22, Olbia, Serie C 22-23)","P. Schmidt (24, Admira, Austrian 2. Liga 22-23)",24.01409483942481
"G. Sueva (22, Olbia, Serie C 22-23)","C. McNeill (19, Newport County, League Two 22-23)",37.06654323252116
"G. Sueva (22, Olbia, Serie C 22-23)","R. Sukuta-Pasu (32, Vejle, Danish 1. Division 22-23)",25.918018067417265
"G. Sueva (22, Olbia, Serie C 22-23)","G. Pálinkás (26, Kazincbarcika, NB II 22-23)",29.105361152983388
"G. Sueva (22, Olbia, Serie C 22-23)","G. Boban (33, Posušje, Bosnian Premier League 22-23)",35.262452385236394
"G. Sueva (22, Olbia, Serie C 22-23)","Carlos Fortes (28, PSIS Semarang, BRI Liga 1 22-23)",19.20187142150496
"G. Sueva (22, Olbia, Serie C 22-23)","B. Böke (23, Denizlispor, Turkish 1. Lig 22-23)",49.01375471586981
"G. Sueva (22, Olbia, Serie C 22-23)","L. Nițu (21, Slatina, Romanian Liga II 22-23)",23.293581661006066
"G. Sueva (22, Olbia, Serie C 22-23)","G. Agalarov (22, Akhmat Grozny, Russian Premier League 22-23)",35.1215328388444
"G. Sueva (22, Olbia, Serie C 22-23)","I. Timoshenko (24, Rodina Moskva, Russian FNL 2 22-23)",12.003175241754793
"G. Sueva (22, Olbia, Serie C 22-23)","Max Svensson (21, Deportivo La Coruña, Primera División RFEF 22-23)",40.88062889275491
"G. Sueva (22, Olbia, Serie C 22-23)","N. Al-Sumairi (29, Al Qadisiyah, Saudi First Division 22-23)",43.910926182646605
"G. Sueva (22, Olbia, Serie C 22-23)","J. Iredale (23, Wehen Wiesbaden, 3. Liga 22-23)",28.87048851748321
"G. Sueva (22, Olbia, Serie C 22-23)","M. Pucciarelli (31, Vis Pesaro, Serie C 22-23)",71.32623236658978
"G. Sueva (22, Olbia, Serie C 22-23)","Rubén del Campo (23, San Fernando, Primera División RFEF 22-23)",42.82599728076072
"G. Sueva (22, Olbia, Serie C 22-23)","Omar Al Somah (34, Al Arabi, Qatari Stars League 22-23)",-5.551452747396029
"G. Sueva (22, Olbia, Serie C 22-23)","Evandro (26, Radnički Kragujevac, Serbian SuperLiga 22-23)",33.00908441770778
"G. Sueva (22, Olbia, Serie C 22-23)","M. Mudražija (27, Tanjong Pagar, Singapore Premier League 2023)",34.337312580214835
"G. Sueva (22, Olbia, Serie C 22-23)","M. Männilaan (21, Kuressaare, Estonian Meistriliiga 2023)",10.789509301467946
"G. Sueva (22, Olbia, Serie C 22-23)","L. Duvnjak (23, Lafnitz, Austrian 2. Liga 22-23)",33.210430795318715
"G. Sueva (22, Olbia, Serie C 22-23)","S. Cosgrove (26, Plymouth Argyle, League One 22-23)",26.297179630368998
"G. Sueva (22, Olbia, Serie C 22-23)","M. Ravasio (24, Lucchese, Serie C 22-23)",39.32636838909116
"G. Sueva (22, Olbia, Serie C 22-23)","U. Bonnet (29, Valenciennes, Ligue 2 22-23)",41.33448369502281
"G. Sueva (22, Olbia, Serie C 22-23)","A. Belotti (29, Roma, Serie A 22-23)",43.00456527506703
"G. Sueva (22, Olbia, Serie C 22-23)","S. Bakış (29, FC Andorra, La Liga 2 22-23)",39.07318335108525
"G. Sueva (22, Olbia, Serie C 22-23)","H. Djaouchi (28, Al Qaisoma, Saudi First Division 22-23)",22.09089689663164
"G. Sueva (22, Olbia, Serie C 22-23)","M. Pourié (32, Meppen, 3. Liga 22-23)",16.21383485920249
"G. Sueva (22, Olbia, Serie C 22-23)","Y. Mbuthuma (21, Richards Bay, South Africa PSL 22-23)",41.4542000744583
"G. Sueva (22, Olbia, Serie C 22-23)","P. Lewis (28, Tranmere Rovers, League Two 22-23)",41.321636440476944
"G. Sueva (22, Olbia, Serie C 22-23)","İ. Karakaş (24, Gençlerbirliği, Turkish 1. Lig 22-23)",39.80585719549305
"G. Sueva (22, Olbia, Serie C 22-23)","M. Makarić (27, Radnik Surdulica, Serbian SuperLiga 22-23)",33.677343304736
"G. Sueva (22, Olbia, Serie C 22-23)","B. Johnson (22, Nottingham Forest, Premier League 22-23)",40.21157304044514
"G. Sueva (22, Olbia, Serie C 22-23)","F. Jensen (25, Augsburg, Bundesliga 22-23)",24.1248021598112
"G. Sueva (22, Olbia, Serie C 22-23)","M. Grumić (38, Szentlőrinc SE, NB II 22-23)",40.041918509709504
"G. Sueva (22, Olbia, Serie C 22-23)","P. Borukov (23, Arda, Bulgarian First League 22-23)",28.976582860878374
"G. Sueva (22, Olbia, Serie C 22-23)","B. Mervó (28, Szentlőrinc SE, NB II 22-23)",49.82440260001673
"G. Sueva (22, Olbia, Serie C 22-23)","Jon Etxaniz (32, Intercity SJ D' Alacant, Primera División RFEF 22-23)",29.419777406146032
"G. Sueva (22, Olbia, Serie C 22-23)","Rúben Fonseca (23, Tondela, Portugal Segunda Liga 22-23)",46.35410620095514
"G. Sueva (22, Olbia, Serie C 22-23)","T. Dallinga (22, Toulouse, Ligue 1 22-23)",29.75246624285697
"G. Sueva (22, Olbia, Serie C 22-23)","K. Doumtsios (25, Levadiakos, Greek Super League 22-23)",49.822376349547326
"G. Sueva (22, Olbia, Serie C 22-23)","J. Marquis (30, Bristol Rovers, League One 22-23)",43.93981138627751
"G. Sueva (22, Olbia, Serie C 22-23)","A. Chirițoiu (19, Oţelul, Romanian Liga II 22-23)",44.97569884336124
"G. Sueva (22, Olbia, Serie C 22-23)","A. Amutu (30, Al Ittihad, Egyptian Premier League 22-23)",31.369821804413967
"G. Sueva (22, Olbia, Serie C 22-23)","K. Appaev (33, Fakel, Russian Premier League 22-23)",21.7405388521008
"G. Sueva (22, Olbia, Serie C 22-23)","Edgar Bruno (36, Daegu, K League 1 2023)",20.86925201167572
"G. Sueva (22, Olbia, Serie C 22-23)","M. Yatabaré (37, Sivasspor, Süper Lig 22-23)",30.4577221008366
"G. Sueva (22, Olbia, Serie C 22-23)","Z. Horváth (33, Duna Aszfalt Tiszakécskei, NB II 22-23)",24.098689011887963
"G. Sueva (22, Olbia, Serie C 22-23)","G. Fella (29, Monopoli, Serie C 22-23)",47.44995972175013
"G. Sueva (22, Olbia, Serie C 22-23)","K. Špeljak (20, Šibenik, 1. HNL 22-23)",36.1301373157215
"G. Sueva (22, Olbia, Serie C 22-23)","C. Braga (23, Moss, OBOS Ligaen 2023)",12.742446062535937
"G. Sueva (22, Olbia, Serie C 22-23)","O. Vyshnevskyi (27, Minaj, Ukrainian Premier Liha 22-23)",37.05032598879263
"G. Sueva (22, Olbia, Serie C 22-23)","B. Tošković (20, Jezero, Montenegro First League 22-23)",36.838239894358686
"G. Sueva (22, Olbia, Serie C 22-23)","F. Taulemesse (37, Nea Salamis, Cyprus 1. Division 22-23)",42.723000984669056
"G. Sueva (22, Olbia, Serie C 22-23)","D. Ebbe (28, Crusaders, Northern Ireland Premiership 22-23)",27.91934578112702
"G. Sueva (22, Olbia, Serie C 22-23)","I. Spasojević (35, Bali United, BRI Liga 1 22-23)",16.452264384116873
"G. Sueva (22, Olbia, Serie C 22-23)","J. Garner (35, Carlisle United, League Two 22-23)",32.60103502723229
"G. Sueva (22, Olbia, Serie C 22-23)","U. Djuranović (29, Kolubara, Serbian SuperLiga 22-23)",59.661681962050274
"G. Sueva (22, Olbia, Serie C 22-23)","Á. Borvető (24, Szombathelyi Haladás, NB II 22-23)",30.7735180510454
"G. Sueva (22, Olbia, Serie C 22-23)","Claudio Medina (29, Cultural Leonesa, Primera División RFEF 22-23)",36.65519515895775
"G. Sueva (22, Olbia, Serie C 22-23)","V. Sejk (21, Jablonec, Czech Fortuna Liga 22-23)",41.55329116048958
"G. Sueva (22, Olbia, Serie C 22-23)","T. Gabuza (35, SuperSport United, South Africa PSL 22-23)",33.84477505618362
"G. Sueva (22, Olbia, Serie C 22-23)","T. Orr (26, Stranraer, Scottish League Two 22-23)",8.605313690269684
"G. Sueva (22, Olbia, Serie C 22-23)","K. Moore (30, Bournemouth, Premier League 22-23)",33.70352705815823
"G. Sueva (22, Olbia, Serie C 22-23)","M. McKenzie (22, Ayr United, Scottish Championship 22-23)",25.19396331100937
"G. Sueva (22, Olbia, Serie C 22-23)","J. Gormley (33, Cliftonville, Northern Ireland Premiership 22-23)",12.411760711774743
"G. Sueva (22, Olbia, Serie C 22-23)","I. Ademi (28, Erzeni Shijak, Albanian Premier League 22-23)",58.42110010502053
"G. Sueva (22, Olbia, Serie C 22-23)","R. Curran (29, Cliftonville, Northern Ireland Premiership 22-23)",16.336353414231013
"G. Sueva (22, Olbia, Serie C 22-23)","D. Huiban (33, Metaloglobus, Romanian Liga II 22-23)",22.85713877997216
"G. Sueva (22, Olbia, Serie C 22-23)","Á. Rodríguez (18, Real Madrid Castilla, Primera División RFEF 22-23)",29.394634087769152
"G. Sueva (22, Olbia, Serie C 22-23)","A. Shchetkin (32, Kuban Krasnodar, Russian FNL 2 22-23)",23.308229671539863
"G. Sueva (22, Olbia, Serie C 22-23)","W. Aponza (23, Sporting Covilhã, Portugal Segunda Liga 22-23)",45.220516607541406
"G. Sueva (22, Olbia, Serie C 22-23)","M. El Badoui (23, Maghreb Fès, Botola Pro 22-23)",53.810500029759325
"G. Sueva (22, Olbia, Serie C 22-23)","M. Škoda (35, České Budějovice, Czech Fortuna Liga 22-23)",37.50033712262714
"G. Sueva (22, Olbia, Serie C 22-23)","M. Turishchev (21, Torpedo Moskva, Russian Premier League 22-23)",31.47121481767182
"G. Sueva (22, Olbia, Serie C 22-23)","N. Bannis (21, Eindhoven, Eerste Divisie 22-23)",33.05885629649145
"G. Sueva (22, Olbia, Serie C 22-23)","N. Nych (24, Lviv, Ukrainian Premier Liha 22-23)",58.26762922580372
"G. Sueva (22, Olbia, Serie C 22-23)","Alfredo Ortuño (32, Cartagena, La Liga 2 22-23)",32.983853926354286
"G. Sueva (22, Olbia, Serie C 22-23)","Kainã (25, Vllaznia Shkodër, Albanian Premier League 22-23)",31.443714098064508
"G. Sueva (22, Olbia, Serie C 22-23)","S. Hirsh (30, Hapoel Afula, Liga Leumit 22-23)",26.737587418014776
"G. Sueva (22, Olbia, Serie C 22-23)","L. Sorrentino (27, Giugliano, Serie C 22-23)",42.69328621792619
"G. Sueva (22, Olbia, Serie C 22-23)","C. Ogbene (26, Rotherham United, Championship 22-23)",29.29388280931676
"G. Sueva (22, Olbia, Serie C 22-23)","M. Valpoort (22, Santa Lucia, Malta Premier League 22-23)",48.02946474575696
"G. Sueva (22, Olbia, Serie C 22-23)","J. Serra (25, Arminia Bielefeld, 2. Bundesliga 22-23)",28.690363423094244
"G. Sueva (22, Olbia, Serie C 22-23)","T. Chunchukov (28, CSA Steaua Bucureşti, Romanian Liga II 22-23)",41.96101897198754
"G. Sueva (22, Olbia, Serie C 22-23)","A. Nolan (20, UCD, League of Ireland PL 2023)",67.83816048027833
"G. Sueva (22, Olbia, Serie C 22-23)","E. Bicfalvi (35, Ural, Russian Premier League 22-23)",9.90747538942106
"G. Sueva (22, Olbia, Serie C 22-23)","S. Aliev (24, SKA-Khabarovsk, Russian FNL 2 22-23)",26.44693324428668
"G. Sueva (22, Olbia, Serie C 22-23)","I. Vetokele (31, Westerlo, Belgian Pro League 22-23)",24.7403981248955
"G. Sueva (22, Olbia, Serie C 22-23)","G. Artistico (20, Renate, Serie C 22-23)",41.12761781085722
"G. Sueva (22, Olbia, Serie C 22-23)","L. Díaz (30, Lanús, Argentinian Primera División 2023)",31.387898774756696
"G. Sueva (22, Olbia, Serie C 22-23)","Jon Ander (33, Real Unión, Primera División RFEF 22-23)",32.870256921447286
"G. Sueva (22, Olbia, Serie C 22-23)","V. Plut (34, Gudja United, Malta Premier League 22-23)",37.0943981691712
"G. Sueva (22, Olbia, Serie C 22-23)","Guillermo Fernández (30, Gimnàstic Tarragona, Primera División RFEF 22-23)",31.35477733465141
"G. Sueva (22, Olbia, Serie C 22-23)","Mahalli (34, Negeri Sembilan, Malaysian Super League 2023)",11.399549066117538
"G. Sueva (22, Olbia, Serie C 22-23)","I. Khafi (27, Al Sailiya, Qatari Stars League 22-23)",24.056452727216204
"G. Sueva (22, Olbia, Serie C 22-23)","S. Quigley (30, Rochdale, League Two 22-23)",35.63783471355346
"G. Sueva (22, Olbia, Serie C 22-23)","M. Căruntu (25, Sfîntul Gheorghe, Moldovan Super Liga 22-23)",61.21637461656354
"G. Sueva (22, Olbia, Serie C 22-23)","A. Kotik (21, Neftekhimik, Russian FNL 2 22-23)",39.17549966324635
"G. Sueva (22, Olbia, Serie C 22-23)","Borja Garcés (23, Tenerife, La Liga 2 22-23)",41.00801693984938
"G. Sueva (22, Olbia, Serie C 22-23)","A. Hot (27, Pelister, North Macedonia First League 22-23)",45.51556727235424
"G. Sueva (22, Olbia, Serie C 22-23)","A. Winter (21, Hamilton Academical, Scottish Championship 22-23)",36.84198704550979
"G. Sueva (22, Olbia, Serie C 22-23)","J. McAtee (23, Grimsby Town, League Two 22-23)",37.86100245001328
"G. Sueva (22, Olbia, Serie C 22-23)","A. Nepi (23, Renate, Serie C 22-23)",34.830564445472234
"G. Sueva (22, Olbia, Serie C 22-23)","K. Kawamura (23, Tokyo Verdy, J2 2023)",51.59059809004768
"G. Sueva (22, Olbia, Serie C 22-23)","K. van Veen (31, Motherwell, Scottish Premiership 22-23)",21.35603281917253
"G. Sueva (22, Olbia, Serie C 22-23)","S. Diédhiou (31, UTS Rabat, Botola Pro 22-23)",43.808310214867866
"G. Sueva (22, Olbia, Serie C 22-23)","I. Ganago (24, Nantes, Ligue 1 22-23)",20.65241642869509
"G. Sueva (22, Olbia, Serie C 22-23)","A. Tveter (32, Sandefjord, Eliteserien 2023)",30.768262088436177
"G. Sueva (22, Olbia, Serie C 22-23)","G. Engvall (27, Värnamo, Allsvenskan 2023)",29.338105072966325
"G. Sueva (22, Olbia, Serie C 22-23)","Kukula (30, Sporting Covilhã, Portugal Segunda Liga 22-23)",46.900828472161486
"G. Sueva (22, Olbia, Serie C 22-23)","S. Kostov (31, Lokomotiv Sofia 1929, Bulgarian First League 22-23)",23.96291093749237
"G. Sueva (22, Olbia, Serie C 22-23)","C. Strandberg (27, Al Sailiya, Qatari Stars League 22-23)",28.3581453526581
"G. Sueva (22, Olbia, Serie C 22-23)","K. Isa (31, Oita Trinita, J2 2023)",27.481547534725895
"G. Sueva (22, Olbia, Serie C 22-23)","M. Estigarribia (28, Atlético Tucumán, Argentinian Primera División 2023)",21.386742722551418
"G. Sueva (22, Olbia, Serie C 22-23)","A. Rebić (29, Milan, Serie A 22-23)",28.770325993570623
"G. Sueva (22, Olbia, Serie C 22-23)","W. Ali (24, Vendsyssel, Danish 1. Division 22-23)",35.265750453244664
"G. Sueva (22, Olbia, Serie C 22-23)","A. Crnac (19, Slaven Belupo, 1. HNL 22-23)",41.784828175810695
"G. Sueva (22, Olbia, Serie C 22-23)","F. Stojiljković (23, Sion, Swiss Super League 22-23)",45.10275613511786
"G. Sueva (22, Olbia, Serie C 22-23)","D. Charles (27, Bolton Wanderers, League One 22-23)",38.860503036674345
"G. Sueva (22, Olbia, Serie C 22-23)","R. López (29, Al Batin, Saudi Professional League 22-23)",35.34425606231011
"G. Sueva (22, Olbia, Serie C 22-23)","J. Matt (33, Walsall, League Two 22-23)",13.034663170464404
"G. Sueva (22, Olbia, Serie C 22-23)","Francis Ferrón (33, CD Badajoz, Primera División RFEF 22-23)",46.08374982814611
"G. Sueva (22, Olbia, Serie C 22-23)","A. Keena (24, Cheltenham Town, League One 22-23)",19.64409052162112
"G. Sueva (22, Olbia, Serie C 22-23)","P. Bamford (29, Leeds United, Premier League 22-23)",37.93541879667473
"G. Sueva (22, Olbia, Serie C 22-23)","R. Pollero (26, Bellinzona, Swiss Challenge League 22-23)",29.58844751477686
"G. Sueva (22, Olbia, Serie C 22-23)","D. Paulevici (28, Dumbrăviţa, Romanian Liga II 22-23)",47.17802874506153
"G. Sueva (22, Olbia, Serie C 22-23)","A. Magrassi (30, Cittadella, Serie B 22-23)",30.19883321492289
"G. Sueva (22, Olbia, Serie C 22-23)","J. Martínez (28, Rayo Majadahonda, Primera División RFEF 22-23)",32.57194098545811
"G. Sueva (22, Olbia, Serie C 22-23)","N. Lukić (30, Honvéd, NB I 22-23)",1.3259390526079922
"G. Sueva (22, Olbia, Serie C 22-23)","A. Vellios (31, PEC Zwolle, Eerste Divisie 22-23)",9.90002482171413
"G. Sueva (22, Olbia, Serie C 22-23)","Y. Niakaté (30, Al Ettifaq, Saudi Professional League 22-23)",34.79505419504088
"G. Sueva (22, Olbia, Serie C 22-23)","A. May (29, Cheltenham Town, League One 22-23)",24.8750926288594
"G. Sueva (22, Olbia, Serie C 22-23)","I. Logua (31, Veles, Russian FNL 2 22-23)",26.40945426626661
"G. Sueva (22, Olbia, Serie C 22-23)","Jorge Barbosa (23, Cheongju FC, K League 2 2023)",30.298737320125603
"G. Sueva (22, Olbia, Serie C 22-23)","A. Drinan (25, Leyton Orient, League Two 22-23)",42.32817467926008
"G. Sueva (22, Olbia, Serie C 22-23)","A. Satariano (21, Balzan, Malta Premier League 22-23)",12.965581097515829
"G. Sueva (22, Olbia, Serie C 22-23)","R. Matsuda (31, Ehime, J3 2023)",38.93802911192059
"G. Sueva (22, Olbia, Serie C 22-23)","J. Monge (20, Pérez Zeledón, Costa Rica Primera División 22-23)",30.95292466849493
"G. Sueva (22, Olbia, Serie C 22-23)","M. Stępiński (28, Aris, Cyprus 1. Division 22-23)",27.13436399900589
"G. Sueva (22, Olbia, Serie C 22-23)","V. Drchal (23, Bohemians 1905, Czech Fortuna Liga 22-23)",27.479258183110883
"G. Sueva (22, Olbia, Serie C 22-23)","K. Agard (33, Doncaster Rovers, League Two 22-23)",30.655447413417576
"G. Sueva (22, Olbia, Serie C 22-23)","B. Hanlan (25, Wycombe Wanderers, League One 22-23)",47.170922429351656
"G. Sueva (22, Olbia, Serie C 22-23)","H. Igamane (20, FAR Rabat, Botola Pro 22-23)",35.70525622658558
"G. Sueva (22, Olbia, Serie C 22-23)","T. Watt (29, St. Mirren, Scottish Premiership 22-23)",39.14322145959048
"G. Sueva (22, Olbia, Serie C 22-23)","B. Róchez (28, Portimonense, Primeira Liga 22-23)",36.36861230588112
"G. Sueva (22, Olbia, Serie C 22-23)","M. Aitken (25, Albion Rovers, Scottish League Two 22-23)",18.734936791586875
"G. Sueva (22, Olbia, Serie C 22-23)","M. Niang (21, Cornellà, Primera División RFEF 22-23)",26.41399085707655
"G. Sueva (22, Olbia, Serie C 22-23)","D. Birligea (23, CFR Cluj, SuperLiga României 22-23)",14.893994230723187
"G. Sueva (22, Olbia, Serie C 22-23)","V. Olatunji (23, Slovan Liberec, Czech Fortuna Liga 22-23)",12.857531730004446
"G. Sueva (22, Olbia, Serie C 22-23)","O. Sivrikaya (21, Vorwärts Steyr, Austrian 2. Liga 22-23)",16.305802139198892
"G. Sueva (22, Olbia, Serie C 22-23)","Ș. Blănaru (33, Mioveni, SuperLiga României 22-23)",41.96347384680285
"G. Sueva (22, Olbia, Serie C 22-23)","J. Robertson (21, Edinburgh City, Scottish League One 22-23)",20.56395417182121
"G. Sueva (22, Olbia, Serie C 22-23)","R. Uldriķis (25, Cambuur, Eredivisie 22-23)",29.03144556814492
"G. Sueva (22, Olbia, Serie C 22-23)","R. Keating (27, Cork City, League of Ireland PL 2023)",28.47147327748773
"G. Sueva (22, Olbia, Serie C 22-23)","N. Maciulaitis (23, Carrick Rangers, Northern Ireland Premiership 22-23)",38.37396796548828
"G. Sueva (22, Olbia, Serie C 22-23)","G. Sarkisyan (23, Veles, Russian FNL 2 22-23)",27.98735053549294
"G. Sueva (22, Olbia, Serie C 22-23)","R. Minaev (25, Ufa, Russian FNL 2 22-23)",44.80519803731493
"G. Sueva (22, Olbia, Serie C 22-23)","M. Smith (26, Shelbourne, League of Ireland PL 2023)",65.61454726714312
"G. Sueva (22, Olbia, Serie C 22-23)","M. Lauk (28, Kuban Krasnodar, Russian FNL 2 22-23)",46.80633984145911
"G. Sueva (22, Olbia, Serie C 22-23)","C. Main (30, St. Mirren, Scottish Premiership 22-23)",35.71964001311051
"G. Sueva (22, Olbia, Serie C 22-23)","C. Savage (20, Forest Green Rovers, League One 22-23)",38.607733460292046
"G. Sueva (22, Olbia, Serie C 22-23)","S. Tedić (23, Barnsley, League One 22-23)",18.374903450518836
"G. Sueva (22, Olbia, Serie C 22-23)","A. Hunziker (20, Aarau, Swiss Challenge League 22-23)",16.11130790301925
"G. Sueva (22, Olbia, Serie C 22-23)","A. Miranyan (27, Alashkert, Armenian Premier League 22-23)",35.37617019219246
"G. Sueva (22, Olbia, Serie C 22-23)","A. da Silva (39, Vilafranquense, Portugal Segunda Liga 22-23)",34.37158352970652
"G. Sueva (22, Olbia, Serie C 22-23)","L. Pinzauti (28, Lecco, Serie C 22-23)",48.25046354174886
"G. Sueva (22, Olbia, Serie C 22-23)","B. Dieng (23, Lorient, Ligue 1 22-23)",33.78571761131219
"G. Sueva (22, Olbia, Serie C 22-23)","T. Maistrello (29, Cittadella, Serie B 22-23)",31.28772518117311
"G. Sueva (22, Olbia, Serie C 22-23)","J. Ironside (29, Cambridge United, League One 22-23)",23.014136644722942
"G. Sueva (22, Olbia, Serie C 22-23)","I. Shemesh (32, Hapoel Petah Tikva, Liga Leumit 22-23)",11.525877973540746
"G. Sueva (22, Olbia, Serie C 22-23)","Jong-Ho Lee (31, Seongnam, K League 2 2023)",21.371712861047627
"G. Sueva (22, Olbia, Serie C 22-23)","M. Bojović (36, Mladost Lučani, Serbian SuperLiga 22-23)",6.15954253365853
"G. Sueva (22, Olbia, Serie C 22-23)","G. Contini (21, Olbia, Serie C 22-23)",44.75415604363584
"G. Sueva (22, Olbia, Serie C 22-23)","J. Hamilton (22, Hartlepool United, League Two 22-23)",27.424212836237533
"G. Sueva (22, Olbia, Serie C 22-23)","M. Rogers (20, Blackpool, Championship 22-23)",26.772793656865947
"G. Sueva (22, Olbia, Serie C 22-23)","K. Hachimi (27, Maghreb Fès, Botola Pro 22-23)",51.1154116646445
"G. Sueva (22, Olbia, Serie C 22-23)","E. Herrera (31, Guastatoya, Guatemala Liga Nacional 22-23)",43.35324529662452
"G. Sueva (22, Olbia, Serie C 22-23)","E. Eze (26, İstanbulspor, Süper Lig 22-23)",33.66988899943442
"G. Sueva (22, Olbia, Serie C 22-23)","N. Austin (29, Kelty Hearts, Scottish League One 22-23)",23.925686929979985
"G. Sueva (22, Olbia, Serie C 22-23)","O. Koroma (20, Olympiakos, Cyprus 1. Division 22-23)",56.08291484996434
"G. Sueva (22, Olbia, Serie C 22-23)","J. Matoušek (25, Bohemians 1905, Czech Fortuna Liga 22-23)",39.0638601484911
"G. Sueva (22, Olbia, Serie C 22-23)","J. Soladio (25, Song Lam Nghe An, V League 1 2023)",35.45646006176229
"G. Sueva (22, Olbia, Serie C 22-23)","I. Gruda (23, Teuta Durrës, Albanian Premier League 22-23)",44.96526543048388
"G. Sueva (22, Olbia, Serie C 22-23)","S. Nimely (24, Surkhon, Uzbek Super League 2023)",43.95735303287218
"G. Sueva (22, Olbia, Serie C 22-23)","P. Guèye (23, Kortrijk, Belgian Pro League 22-23)",48.92655953561864
"G. Sueva (22, Olbia, Serie C 22-23)","Gonçalo Ramos (21, Benfica, Primeira Liga 22-23)",30.93393329384969
"G. Sueva (22, Olbia, Serie C 22-23)","O. Édouard (25, Crystal Palace, Premier League 22-23)",44.265960382517406
"G. Sueva (22, Olbia, Serie C 22-23)","Roger Martí (32, Cádiz, La Liga 22-23)",53.86203966047602
"G. Sueva (22, Olbia, Serie C 22-23)","O. Mihálik (26, Slovácko, Czech Fortuna Liga 22-23)",40.5930770710122
"G. Sueva (22, Olbia, Serie C 22-23)","E. Gliozzi (27, Pisa, Serie B 22-23)",20.760582498328347
"G. Sueva (22, Olbia, Serie C 22-23)","W. Kanga (25, Hertha BSC, Bundesliga 22-23)",29.187371946870385
"G. Sueva (22, Olbia, Serie C 22-23)","G. Niarchos (20, DAC, Slovak Super Liga 22-23)",40.95489021812024
"G. Sueva (22, Olbia, Serie C 22-23)","S. Dražić (30, Mezőkövesd-Zsóry, NB I 22-23)",12.190277526432569
"G. Sueva (22, Olbia, Serie C 22-23)","M. Veselji (21, Floriana, Malta Premier League 22-23)",24.83575761995893
"G. Sueva (22, Olbia, Serie C 22-23)","B. Vasev (30, Spartak Varna, Bulgarian First League 22-23)",67.52176228281897
"G. Sueva (22, Olbia, Serie C 22-23)","J. Holtan (24, Kongsvinger, OBOS Ligaen 2023)",37.80952832716531
"G. Sueva (22, Olbia, Serie C 22-23)","L. Leal (36, Arsenal, Argentinian Primera División 2023)",44.72673126683567
"G. Sueva (22, Olbia, Serie C 22-23)","F. Draper (18, Drogheda United, League of Ireland PL 2023)",27.51826625851396
"G. Sueva (22, Olbia, Serie C 22-23)","Hugo Duro (23, Valencia, La Liga 22-23)",48.94949738343866
"G. Sueva (22, Olbia, Serie C 22-23)","H. Yener (28, Altınordu, Turkish 1. Lig 22-23)",57.08062907305618
"G. Sueva (22, Olbia, Serie C 22-23)","L. Fernández (32, Universidad de Chile, Chilean Primera División 2023)",6.36112076443403
"G. Sueva (22, Olbia, Serie C 22-23)","J. Sanguina (24, General Caballero JLM, Paraguay Division Profesional 2023)",27.68535137735848
"G. Sueva (22, Olbia, Serie C 22-23)","A. Çiçek (27, Bandırmaspor, Turkish 1. Lig 22-23)",39.5370617980352
"G. Sueva (22, Olbia, Serie C 22-23)","Abdelrahman Atef (21, Ghazl El Mehalla, Egyptian Premier League 22-23)",57.77395604121056
"G. Sueva (22, Olbia, Serie C 22-23)","A. Ahmedov (28, Slavia Sofia, Bulgarian First League 22-23)",41.91864648640464
"G. Sueva (22, Olbia, Serie C 22-23)","A. Paloschi (33, Siena, Serie C 22-23)",31.21038178434604
"G. Sueva (22, Olbia, Serie C 22-23)","Amr Gamal (31, Pharco, Egyptian Premier League 22-23)",35.40214814365848
"G. Sueva (22, Olbia, Serie C 22-23)","M. Koné (26, Nîmes, Ligue 2 22-23)",38.35229213045813
"G. Sueva (22, Olbia, Serie C 22-23)","F. Castelli (28, Central Córdoba SdE, Argentinian Primera División 2023)",32.122654603993645
"G. Sueva (22, Olbia, Serie C 22-23)","N. Sioud (24, Hammam-Sousse, Tunisian Ligue 1 22-23)",53.09343455772492
"G. Sueva (22, Olbia, Serie C 22-23)","N. Bonilla (32, Chiangrai United, Thai League 1 22-23)",9.958068709950703
"G. Sueva (22, Olbia, Serie C 22-23)","M. Zukanović (27, Metaloglobus, Romanian Liga II 22-23)",40.09607362524359
"G. Sueva (22, Olbia, Serie C 22-23)","Sergi Guardiola (32, Cádiz, La Liga 22-23)",56.63320053470628
"G. Sueva (22, Olbia, Serie C 22-23)","D. Čop (33, Šibenik, 1. HNL 22-23)",26.909359115403387
"G. Sueva (22, Olbia, Serie C 22-23)","R. Wankewai (26, Turan-T, Premyer Liqa 22-23)",40.05269031948068
"G. Sueva (22, Olbia, Serie C 22-23)","M. Turlybek (21, FK Aksu, Kazakh Premier League 2023)",26.816852336737867
"G. Sueva (22, Olbia, Serie C 22-23)","Rafa Mir (25, Sevilla, La Liga 22-23)",34.06743171426348
"G. Sueva (22, Olbia, Serie C 22-23)","S. Mauk (27, Fagiano Okayama, J2 2023)",33.16727866893675
"G. Sueva (22, Olbia, Serie C 22-23)","Karim Mostafa (32, Ghazl El Mehalla, Egyptian Premier League 22-23)",28.976113260879828
"G. Sueva (22, Olbia, Serie C 22-23)","S. Mounié (28, Brest, Ligue 1 22-23)",29.49509222780006
"G. Sueva (22, Olbia, Serie C 22-23)","A. Budimir (31, Osasuna, La Liga 22-23)",37.40517275104765
"G. Sueva (22, Olbia, Serie C 22-23)","S. Narayanan (21, Bengaluru, Indian Super League 22-23)",35.25030039092524
"G. Sueva (22, Olbia, Serie C 22-23)","J. Norwood (32, Barnsley, League One 22-23)",44.17212964773677
"G. Sueva (22, Olbia, Serie C 22-23)","M. Waghorn (33, Huddersfield Town, Championship 22-23)",34.234830578878515
"G. Sueva (22, Olbia, Serie C 22-23)","P. Cogliati (30, Sangiuliano City, Serie C 22-23)",54.483520565872624
"G. Sueva (22, Olbia, Serie C 22-23)","A. Lecky (32, Crusaders, Northern Ireland Premiership 22-23)",7.841366162200207
"G. Sueva (22, Olbia, Serie C 22-23)","E. Kachunga (31, Bolton Wanderers, League One 22-23)",58.65602966262505
"G. Sueva (22, Olbia, Serie C 22-23)","N. Zaniolo (23, Roma, Serie A 22-23)",25.627077196931516
"G. Sueva (22, Olbia, Serie C 22-23)","M. Tijani (22, Baník Ostrava, Czech Fortuna Liga 22-23)",31.613926424050888
"G. Sueva (22, Olbia, Serie C 22-23)","M. Marconi (33, Avellino, Serie C 22-23)",21.83335669725352
"G. Sueva (22, Olbia, Serie C 22-23)","Iker Bravo (18, Real Madrid Castilla, Primera División RFEF 22-23)",39.70844827301024
"G. Sueva (22, Olbia, Serie C 22-23)","R. Şahmuradov (24, Shamakhi FK, Premyer Liqa 22-23)",45.35910617900011
"G. Sueva (22, Olbia, Serie C 22-23)","L. Strizzolo (31, Modena, Serie B 22-23)",33.425657429586266
"G. Sueva (22, Olbia, Serie C 22-23)","A. Vujačić (33, Mornar, Montenegro First League 22-23)",21.948091832573915
"G. Sueva (22, Olbia, Serie C 22-23)","M. Mandron (28, Gillingham, League Two 22-23)",30.171841829353607
"G. Sueva (22, Olbia, Serie C 22-23)","M. Rondón (37, Sepsi, SuperLiga României 22-23)",31.391957341406226
"G. Sueva (22, Olbia, Serie C 22-23)","A. Pressley (21, Accrington Stanley, League One 22-23)",25.463720825354624
"G. Sueva (22, Olbia, Serie C 22-23)","R. Morales (24, Cerro Porteño, Paraguay Division Profesional 2023)",14.091510382384728
"G. Sueva (22, Olbia, Serie C 22-23)","J. Verhoek (34, Hansa Rostock, 2. Bundesliga 22-23)",42.78282393350157
"G. Sueva (22, Olbia, Serie C 22-23)","R. Leijten (19, Den Bosch, Eerste Divisie 22-23)",47.90941224217809
"G. Sueva (22, Olbia, Serie C 22-23)","A. Scriven (25, Hødd, OBOS Ligaen 2023)",31.212312429364232
"G. Sueva (22, Olbia, Serie C 22-23)","A. Schmid (24, Austria Lustenau, Austrian Bundesliga 22-23)",42.014987135486926
"G. Sueva (22, Olbia, Serie C 22-23)","Alberto Toril (25, Real Murcia, Primera División RFEF 22-23)",41.23237568513676
"G. Sueva (22, Olbia, Serie C 22-23)","J. MacLaren (29, Melbourne City, A-League Men 22-23)",17.753204826704682
"G. Sueva (22, Olbia, Serie C 22-23)","F. Danho (22, Stade Lausanne-Ouchy, Swiss Challenge League 22-23)",34.949248001069854
"G. Sueva (22, Olbia, Serie C 22-23)","A. Eldarushev (21, Akron Togliatti, Russian FNL 2 22-23)",35.65405393669497
"G. Sueva (22, Olbia, Serie C 22-23)","Raúl Alcaina (22, Alcoyano, Primera División RFEF 22-23)",49.45848608531002
"G. Sueva (22, Olbia, Serie C 22-23)","M. Berisha (25, Augsburg, Bundesliga 22-23)",23.409642379443703
"G. Sueva (22, Olbia, Serie C 22-23)","C. Irobiso (29, Petrolul 52, SuperLiga României 22-23)",39.84158133500208
"G. Sueva (22, Olbia, Serie C 22-23)","Turki Sufyani (31, Al Ain, Saudi First Division 22-23)",14.690747919138166
"G. Sueva (22, Olbia, Serie C 22-23)","Crislan (31, Nakhon Ratchasima, Thai League 1 22-23)",41.10653861701311
"G. Sueva (22, Olbia, Serie C 22-23)","D. Dorregaray (31, Nea Salamis, Cyprus 1. Division 22-23)",35.65969262760925
"G. Sueva (22, Olbia, Serie C 22-23)","L. Kurdics (20, Kazincbarcika, NB II 22-23)",36.55446053424461
"G. Sueva (22, Olbia, Serie C 22-23)","O. See (28, Edinburgh City, Scottish League One 22-23)",24.44016378482232
"G. Sueva (22, Olbia, Serie C 22-23)","F. Nouble (31, Colchester United, League Two 22-23)",29.640005147509367
"G. Sueva (22, Olbia, Serie C 22-23)","L. McCann (21, Dunfermline Athletic, Scottish League One 22-23)",10.85414326480447
"G. Sueva (22, Olbia, Serie C 22-23)","R. Lukacs (35, Békéscsaba, NB II 22-23)",52.15740600470723
"G. Sueva (22, Olbia, Serie C 22-23)","F. Demir (25, Boluspor, Turkish 1. Lig 22-23)",68.16999061780083
"G. Sueva (22, Olbia, Serie C 22-23)","H. Tabaković (28, Austria Wien, Austrian Bundesliga 22-23)",17.351362952718073
"G. Sueva (22, Olbia, Serie C 22-23)","U. Stevanović (24, Sloga Doboj, Bosnian Premier League 22-23)",50.90374640133618
"G. Sueva (22, Olbia, Serie C 22-23)","S. Rabbi (21, SPAL, Serie B 22-23)",45.80710998552793
"G. Sueva (22, Olbia, Serie C 22-23)","A. Akinyemi (24, Laçi, Albanian Premier League 22-23)",37.52008630540043
"G. Sueva (22, Olbia, Serie C 22-23)","M. Wegner (34, VfB Oldenburg, 3. Liga 22-23)",40.54154555477524
"G. Sueva (22, Olbia, Serie C 22-23)","L. Delap (20, Preston North End, Championship 22-23)",52.93021007204726
"G. Sueva (22, Olbia, Serie C 22-23)","J. Rhodes (33, Huddersfield Town, Championship 22-23)",33.0920652579946
"G. Sueva (22, Olbia, Serie C 22-23)","M. Koné (19, Kapfenberger SV, Austrian 2. Liga 22-23)",33.32673022375226
"G. Sueva (22, Olbia, Serie C 22-23)","C. Austin (33, Swindon Town, League Two 22-23)",33.641995851642584
"G. Sueva (22, Olbia, Serie C 22-23)","D. Porozo (25, Libertad, Ecuador Liga Pro 2023)",41.99231489391234
"G. Sueva (22, Olbia, Serie C 22-23)","J. Gordon (20, Carlisle United, League Two 22-23)",55.96973990892021
"G. Sueva (22, Olbia, Serie C 22-23)","T. Bunbury (33, Nashville SC, MLS 2023)",55.056588343842336
"G. Sueva (22, Olbia, Serie C 22-23)","J. Wróbel (29, Sandecja Nowy Sącz, Polish I Liga 22-23)",26.848531461196146
"G. Sueva (22, Olbia, Serie C 22-23)","L. Steffensen (26, Vendsyssel, Danish 1. Division 22-23)",30.83271869833292
"G. Sueva (22, Olbia, Serie C 22-23)","C. Stockton (29, Morecambe, League One 22-23)",34.9520604493006
"G. Sueva (22, Olbia, Serie C 22-23)","I. Bebou (29, Hoffenheim, Bundesliga 22-23)",46.28101975804484
"G. Sueva (22, Olbia, Serie C 22-23)","C. Novák (28, Nyíregyháza Spartacus, NB II 22-23)",25.432664047628798
"G. Sueva (22, Olbia, Serie C 22-23)","Alberto Ródenas (24, UD Sanse, Primera División RFEF 22-23)",41.66846228614669
"G. Sueva (22, Olbia, Serie C 22-23)","Reginaldo (32, Shkupi, North Macedonia First League 22-23)",32.56954249733251
"G. Sueva (22, Olbia, Serie C 22-23)","N. Belloni (22, Latina, Serie C 22-23)",46.99331621984227
"G. Sueva (22, Olbia, Serie C 22-23)","G. Oakley (27, Greenock Morton, Scottish Championship 22-23)",38.59273969407278
"G. Sueva (22, Olbia, Serie C 22-23)","A. Cook (32, Bradford City, League Two 22-23)",26.47013546248613
"G. Sueva (22, Olbia, Serie C 22-23)","S. Jallow (26, Viterbese, Serie C 22-23)",50.49647559983671
"G. Sueva (22, Olbia, Serie C 22-23)","R. Živković (26, Emmen, Eredivisie 22-23)",63.31996094639749
"G. Sueva (22, Olbia, Serie C 22-23)","J. Magennis (32, Wigan Athletic, Championship 22-23)",32.48881700189739
"G. Sueva (22, Olbia, Serie C 22-23)","V. Bugay (25, Lviv, Ukrainian Premier Liha 22-23)",43.559326079102206
"G. Sueva (22, Olbia, Serie C 22-23)","Aritz Pascual (23, CD Calahorra, Primera División RFEF 22-23)",35.66214797684673
"G. Sueva (22, Olbia, Serie C 22-23)","A. Caicedo (22, Árabe Unido, Panama LPF 2023)",38.13363999967592
"G. Sueva (22, Olbia, Serie C 22-23)","M. Frigan (20, Rijeka, 1. HNL 22-23)",29.22108077923388
"G. Sueva (22, Olbia, Serie C 22-23)","J. Gordon (28, Barrow, League Two 22-23)",50.02832144834011
"G. Sueva (22, Olbia, Serie C 22-23)","A. Akono (27, Najran, Saudi First Division 22-23)",30.574232954465877
"G. Sueva (22, Olbia, Serie C 22-23)","R. Ahmed (26, El Daklyeh, Egyptian Premier League 22-23)",32.12773572744073
"G. Sueva (22, Olbia, Serie C 22-23)","G. Harutyunyan (32, Van, Armenian Premier League 22-23)",30.51362283211912
"G. Sueva (22, Olbia, Serie C 22-23)","E. Touré (21, Almería, La Liga 22-23)",37.38808376266712
"G. Sueva (22, Olbia, Serie C 22-23)","A. Johansson (27, Mjällby, Allsvenskan 2023)",53.86260872396692
"G. Sueva (22, Olbia, Serie C 22-23)","K. Podliński (25, Górnik Łęczna, Polish I Liga 22-23)",41.21110780437928
"G. Sueva (22, Olbia, Serie C 22-23)","B. Díaz (30, Alashkert, Armenian Premier League 22-23)",37.57464932475976
"G. Sueva (22, Olbia, Serie C 22-23)","F. Christensen (22, Hillerød, Danish 1. Division 22-23)",39.93353094650259
"G. Sueva (22, Olbia, Serie C 22-23)","Z. Óvári (26, Győri ETO, NB II 22-23)",49.54765338225887
"G. Sueva (22, Olbia, Serie C 22-23)","E. Sokler (23, Radomlje, 1. SNL 22-23)",42.60963533356542
"G. Sueva (22, Olbia, Serie C 22-23)","M. Godden (31, Coventry City, Championship 22-23)",34.77920468200476
"G. Sueva (22, Olbia, Serie C 22-23)","A. Prendergast (19, Glenavon, Northern Ireland Premiership 22-23)",33.563360888907
"G. Sueva (22, Olbia, Serie C 22-23)","C. Akono (23, Borussia Dortmund II, 3. Liga 22-23)",46.21329922878856
"G. Sueva (22, Olbia, Serie C 22-23)","K. Piątek (27, Salernitana, Serie A 22-23)",38.83006320592134
"G. Sueva (22, Olbia, Serie C 22-23)","L. Miracoli (31, Sangiuliano City, Serie C 22-23)",32.03779186940442
"G. Sueva (22, Olbia, Serie C 22-23)","J. White (31, Ross County, Scottish Premiership 22-23)",26.719389404272924
"G. Sueva (22, Olbia, Serie C 22-23)","T.  Mabasa (26, Sekhukhune United, South Africa PSL 22-23)",28.728277229942684
"G. Sueva (22, Olbia, Serie C 22-23)","R. Injgia (22, Samtredia, Erovnuli Liga 2023)",53.55707608703305
"G. Sueva (22, Olbia, Serie C 22-23)","G. Gori (24, Reggina, Serie B 22-23)",37.17469063606759
"G. Sueva (22, Olbia, Serie C 22-23)","K. Jackson (29, Ipswich Town, League One 22-23)",36.34645321260327
"G. Sueva (22, Olbia, Serie C 22-23)","B. Caicedo (22, Malacateco, Guatemala Liga Nacional 22-23)",31.619100239542924
"G. Sueva (22, Olbia, Serie C 22-23)","J. Brown (21, Peterhead, Scottish League One 22-23)",66.57142033982191
"G. Sueva (22, Olbia, Serie C 22-23)","S. Hendriks (28, Olympiakos, Cyprus 1. Division 22-23)",45.66450555931259
"G. Sueva (22, Olbia, Serie C 22-23)","Toni Gabarre (33, San Fernando, Primera División RFEF 22-23)",43.96341965075879
"G. Sueva (22, Olbia, Serie C 22-23)","S. Kutschke (34, Dynamo Dresden, 3. Liga 22-23)",33.847150811774824
"G. Sueva (22, Olbia, Serie C 22-23)","C. Daferner (25, Nürnberg, 2. Bundesliga 22-23)",37.8758894561892
"G. Sueva (22, Olbia, Serie C 22-23)","M. Freitag (21, Næstved, Danish 1. Division 22-23)",29.317707268076475
"G. Sueva (22, Olbia, Serie C 22-23)","A. Sieb (20, Greuther Fürth, 2. Bundesliga 22-23)",38.256870668231805
"G. Sueva (22, Olbia, Serie C 22-23)","M. Maksimov (27, Fakel, Russian Premier League 22-23)",18.60379567270632
"G. Sueva (22, Olbia, Serie C 22-23)","E. Doyle (35, St. Patrick's Ath., League of Ireland PL 2023)",32.31964217004807
"G. Sueva (22, Olbia, Serie C 22-23)","F. Schleusener (31, Karlsruher SC, 2. Bundesliga 22-23)",27.299371291208253
"G. Sueva (22, Olbia, Serie C 22-23)","H. Weydandt (27, Hannover 96, 2. Bundesliga 22-23)",17.19668987185559
"G. Sueva (22, Olbia, Serie C 22-23)","Pedro Martín (31, Odisha, Indian Super League 22-23)",46.28605933155228
"G. Sueva (22, Olbia, Serie C 22-23)","P. Černý (38, Pardubice, Czech Fortuna Liga 22-23)",31.02363915099265
"G. Sueva (22, Olbia, Serie C 22-23)","S. Krpić (32, Željezničar, Bosnian Premier League 22-23)",33.18827268719762
"G. Sueva (22, Olbia, Serie C 22-23)","L. Klisiewicz (21, Puszcza Niepołomice, Polish I Liga 22-23)",51.40940627734618
"G. Sueva (22, Olbia, Serie C 22-23)","D. Giampaolo (27, Recanatese, Serie C 22-23)",23.095901385657477
"G. Sueva (22, Olbia, Serie C 22-23)","P. Veelma (21, Tartu Tammeka, Estonian Meistriliiga 2023)",54.565946582380576
"G. Sueva (22, Olbia, Serie C 22-23)","J. Akinde (33, Colchester United, League Two 22-23)",29.02144058412652
"G. Sueva (22, Olbia, Serie C 22-23)","V. Rozic (19, Posušje, Bosnian Premier League 22-23)",23.2429558326216
"G. Sueva (22, Olbia, Serie C 22-23)","F. Hornby (23, Oostende, Belgian Pro League 22-23)",31.45121836155979
"G. Sueva (22, Olbia, Serie C 22-23)","L. Armstrong (26, Harrogate Town, League Two 22-23)",28.24534648867068
"G. Sueva (22, Olbia, Serie C 22-23)","M. Khatib (27, Hapoel Hadera, Ligat Ha'al 22-23)",51.96559362184661
"G. Sueva (22, Olbia, Serie C 22-23)","A. Adams (23, Lillestrøm, Eliteserien 2023)",22.563016206235265
"G. Sueva (22, Olbia, Serie C 22-23)","Diego García (23, Fuenlabrada, Primera División RFEF 22-23)",37.63140176061533
"G. Sueva (22, Olbia, Serie C 22-23)","Y. Meïté (27, Reading, Championship 22-23)",36.39781047367779
"G. Sueva (22, Olbia, Serie C 22-23)","D. Furukawa (23, Osaka, J3 2023)",33.29059196278901
"G. Sueva (22, Olbia, Serie C 22-23)","Nyasha Mushekwi (35, Zhejiang Professional, Chinese Super League 2023)",26.51065704382332
"G. Sueva (22, Olbia, Serie C 22-23)","O. Bilel (22, AS Soliman, Tunisian Ligue 1 22-23)",68.43072062442607
"G. Sueva (22, Olbia, Serie C 22-23)","M. Heider (37, Osnabrück, 3. Liga 22-23)",29.74922233342066
"G. Sueva (22, Olbia, Serie C 22-23)","T. Chorý (28, Viktoria Plzeň, Czech Fortuna Liga 22-23)",15.704019887471492
"G. Sueva (22, Olbia, Serie C 22-23)","C. Zúñiga (31, Pérez Zeledón, Costa Rica Primera División 22-23)",38.08003330896041
"G. Sueva (22, Olbia, Serie C 22-23)","C. De Sena (31, Gelbison, Serie C 22-23)",41.46138738206412
"G. Sueva (22, Olbia, Serie C 22-23)","M. Fabbro (27, Virtus Verona, Serie C 22-23)",52.22489624897625
"G. Sueva (22, Olbia, Serie C 22-23)","C. Fenninger (28, Bayreuth, 3. Liga 22-23)",41.455339672637685
"G. Sueva (22, Olbia, Serie C 22-23)","A. Rayan (21, Hapoel Acre, Liga Leumit 22-23)",31.67793072383362
"G. Sueva (22, Olbia, Serie C 22-23)","R. Taylor (35, Grimsby Town, League Two 22-23)",44.745546909658366
"G. Sueva (22, Olbia, Serie C 22-23)","E. Soleri (25, Palermo, Serie B 22-23)",39.77548127011293
"G. Sueva (22, Olbia, Serie C 22-23)","M. Noubissi (26, Valenciennes, Ligue 2 22-23)",48.93143057887304
"G. Sueva (22, Olbia, Serie C 22-23)","R. Arita (23, Iwaki, J2 2023)",27.04685580164516
"G. Sueva (22, Olbia, Serie C 22-23)","Eneko Jauregi (26, Amorebieta, Primera División RFEF 22-23)",31.065760110497653
"G. Sueva (22, Olbia, Serie C 22-23)","P. Hoban (31, Dundalk, League of Ireland PL 2023)",30.53663657195821
"G. Sueva (22, Olbia, Serie C 22-23)","Pablo Fernández (26, Gimnàstic Tarragona, Primera División RFEF 22-23)",27.63251967689748
"G. Sueva (22, Olbia, Serie C 22-23)","D. Telford (26, Crawley Town, League Two 22-23)",35.18036474644426
"G. Sueva (22, Olbia, Serie C 22-23)","A. Arrighini (32, Pro Vercelli, Serie C 22-23)",28.67769434656713
"G. Sueva (22, Olbia, Serie C 22-23)","L. Perez (33, Messina, Serie C 22-23)",54.3301665975586
"G. Sueva (22, Olbia, Serie C 22-23)","A. Yildirim (28, Jahn Regensburg, 2. Bundesliga 22-23)",72.35766213050167
"G. Sueva (22, Olbia, Serie C 22-23)","S. Istrati (34, Milsami, Moldovan Super Liga 22-23)",51.15595769641723
"G. Sueva (22, Olbia, Serie C 22-23)","P. Bacsa (30, Kazincbarcika, NB II 22-23)",57.4212650140932
"G. Sueva (22, Olbia, Serie C 22-23)","A. Bianchimano (26, Lucchese, Serie C 22-23)",48.94758579232956
"G. Sueva (22, Olbia, Serie C 22-23)","F. Lohkemper (28, Nürnberg, 2. Bundesliga 22-23)",43.42221385774653
"G. Sueva (22, Olbia, Serie C 22-23)","E. Torregrossa (30, Pisa, Serie B 22-23)",17.05516659740025
"G. Sueva (22, Olbia, Serie C 22-23)","S. Camara (25, Botoşani, SuperLiga României 22-23)",45.33462173131139
"G. Sueva (22, Olbia, Serie C 22-23)","J. Romo (29, AEL, Cyprus 1. Division 22-23)",41.28814590215527
"G. Sueva (22, Olbia, Serie C 22-23)","L. Gondou (21, Sarmiento, Argentinian Primera División 2023)",28.48384601796077
"G. Sueva (22, Olbia, Serie C 22-23)","C. Malele (29, Shanghai Shenhua, Chinese Super League 2023)",37.06092012873837
"G. Sueva (22, Olbia, Serie C 22-23)","A. Helmersen (25, Raufoss, OBOS Ligaen 2023)",34.764627986292844
"G. Sueva (22, Olbia, Serie C 22-23)","C. Paterson (28, Sheffield Wednesday, League One 22-23)",29.12240601231366
"G. Sueva (22, Olbia, Serie C 22-23)","Z. Szilvasi (20, Sant Julià, Andorra Primera Divisió 22-23)",47.39856183382084
"G. Sueva (22, Olbia, Serie C 22-23)","A. Jakobsen (24, Fredericia, Danish 1. Division 22-23)",37.24406486165918
"G. Sueva (22, Olbia, Serie C 22-23)","L. Kjerrumgaard (20, Nykøbing, Danish 1. Division 22-23)",24.78299092037877
"G. Sueva (22, Olbia, Serie C 22-23)","M. Rajović (23, Kalmar, Allsvenskan 2023)",37.01836658584924
"G. Sueva (22, Olbia, Serie C 22-23)","H. Wright (25, Antalyaspor, Süper Lig 22-23)",41.03832359313921
"G. Sueva (22, Olbia, Serie C 22-23)","C. Wood (31, Nottingham Forest, Premier League 22-23)",28.64479542229185
"G. Sueva (22, Olbia, Serie C 22-23)","M. Pryadun (26, Metalist Kharkiv, Ukrainian Premier Liha 22-23)",46.91161317135845
"G. Sueva (22, Olbia, Serie C 22-23)","I. Olaofe (23, Stockport County, League Two 22-23)",52.01113996395613
"G. Sueva (22, Olbia, Serie C 22-23)","F. Kozłowski (27, SKRA Częstochowa, Polish I Liga 22-23)",53.293806839565136
"G. Sueva (22, Olbia, Serie C 22-23)","E. Riis (24, Preston North End, Championship 22-23)",47.79168918535062
"G. Sueva (22, Olbia, Serie C 22-23)","S. Đurić (27, Sileks, North Macedonia First League 22-23)",32.34529255915313
"G. Sueva (22, Olbia, Serie C 22-23)","G. O'Donkor (18, Oxford United, League One 22-23)",46.91830462342834
"G. Sueva (22, Olbia, Serie C 22-23)","E. Yaghr (25, Churchill Brothers, I-League 22-23)",31.16800950660921
"G. Sueva (22, Olbia, Serie C 22-23)","A. Bosetti (30, Annecy, Ligue 2 22-23)",28.41840156419978
"G. Sueva (22, Olbia, Serie C 22-23)","Ahmed Hassan (30, Alanyaspor, Süper Lig 22-23)",30.910394281304463
"G. Sueva (22, Olbia, Serie C 22-23)","B. Bilalov (20, Volga Ulyanovsk, Russian FNL 2 22-23)",45.71769045536811
"G. Sueva (22, Olbia, Serie C 22-23)","D. Vašulín (24, Hradec Králové, Czech Fortuna Liga 22-23)",38.125484883069696
"G. Sueva (22, Olbia, Serie C 22-23)","N. Namolovan (21, Dacia-Buiucani, Moldovan Super Liga 22-23)",61.39766520341187
"G. Sueva (22, Olbia, Serie C 22-23)","K. Cannavò (23, Padova, Serie C 22-23)",52.19414390133917
"G. Sueva (22, Olbia, Serie C 22-23)","Álvaro Morata (30, Atlético Madrid, La Liga 22-23)",27.8171927720011
"G. Sueva (22, Olbia, Serie C 22-23)","M. Krienzer (23, Admira, Austrian 2. Liga 22-23)",20.394409072754648
"G. Sueva (22, Olbia, Serie C 22-23)","Khaled Kamar (35, El Geish, Egyptian Premier League 22-23)",33.19471298818819
"G. Sueva (22, Olbia, Serie C 22-23)","A. Vučenović (25, Enosis, Cyprus 1. Division 22-23)",47.6675848367028
"G. Sueva (22, Olbia, Serie C 22-23)","Mostafa Mohamed (25, Nantes, Ligue 1 22-23)",39.40254238998136
"G. Sueva (22, Olbia, Serie C 22-23)","R. Baracskai (31, Csákvári TK, NB II 22-23)",34.31770560117642
"G. Sueva (22, Olbia, Serie C 22-23)","J. Sangowski (21, SKRA Częstochowa, Polish I Liga 22-23)",38.83357563394223
"G. Sueva (22, Olbia, Serie C 22-23)","J. Hettwer (19, MSV Duisburg, 3. Liga 22-23)",18.583601154067743
"G. Sueva (22, Olbia, Serie C 22-23)","B. Guzdek (20, Odra Opole, Polish I Liga 22-23)",53.79607772123551
"G. Sueva (22, Olbia, Serie C 22-23)","S. Di Carmine (34, Perugia, Serie B 22-23)",40.85081394141738
"G. Sueva (22, Olbia, Serie C 22-23)","Rufo (36, Pontevedra, Primera División RFEF 22-23)",48.09573462048229
"G. Sueva (22, Olbia, Serie C 22-23)","Y. Tekin (20, Altay, Turkish 1. Lig 22-23)",69.37834703628654
"G. Sueva (22, Olbia, Serie C 22-23)","A. Gawne (21, Carrick Rangers, Northern Ireland Premiership 22-23)",43.5225325943821
"G. Sueva (22, Olbia, Serie C 22-23)","Rubio (27, Alcoyano, Primera División RFEF 22-23)",53.65504793092206
"G. Sueva (22, Olbia, Serie C 22-23)","Samuel Obeng (26, Huesca, La Liga 2 22-23)",42.28248948604159
"G. Sueva (22, Olbia, Serie C 22-23)","M. Semprini (25, Taranto, Serie C 22-23)",57.09760193452974
"G. Sueva (22, Olbia, Serie C 22-23)","S. Szalay (21, Zalaegerszegi TE, NB I 22-23)",40.60432316356026
"G. Sueva (22, Olbia, Serie C 22-23)","G. La Monica (21, Giugliano, Serie C 22-23)",58.43578686369176
"G. Sueva (22, Olbia, Serie C 22-23)","E. Prekop (25, Bohemians 1905, Czech Fortuna Liga 22-23)",33.237512029373434
"G. Sueva (22, Olbia, Serie C 22-23)","M. Boselli (38, Estudiantes, Argentinian Primera División 2023)",19.676797772296588
"G. Sueva (22, Olbia, Serie C 22-23)","I. Kiese Thelin (30, Malmö FF, Allsvenskan 2023)",39.58795523542695
"G. Sueva (22, Olbia, Serie C 22-23)","S. Novothny (28, Vasas, NB I 22-23)",40.18723492307335
"G. Sueva (22, Olbia, Serie C 22-23)","E. Demirović (25, Augsburg, Bundesliga 22-23)",37.14429129133766
"G. Sueva (22, Olbia, Serie C 22-23)","F. Falcone (32, Valletta, Malta Premier League 22-23)",39.97439838226591
"G. Sueva (22, Olbia, Serie C 22-23)","H. Handžić (32, Leotar, Bosnian Premier League 22-23)",24.699373208318782
"G. Sueva (22, Olbia, Serie C 22-23)","R. Cane (19, Pérez Zeledón, Costa Rica Primera División 22-23)",41.62571822474685
"G. Sueva (22, Olbia, Serie C 22-23)","T. Bradshaw (30, Millwall, Championship 22-23)",34.54092706919861
"G. Sueva (22, Olbia, Serie C 22-23)","C. Evans (34, Preston North End, Championship 22-23)",40.63101170360553
"G. Sueva (22, Olbia, Serie C 22-23)","Rodrigo Muniz (22, Middlesbrough, Championship 22-23)",42.495931985829
"G. Sueva (22, Olbia, Serie C 22-23)","A. Coffey (29, Oulu, Veikkausliiga 2023)",41.10688874104743
"G. Sueva (22, Olbia, Serie C 22-23)","Rafa Mújica (24, Arouca, Primeira Liga 22-23)",37.76093626783892
"G. Sueva (22, Olbia, Serie C 22-23)","Víctor Barberá (18, Barcelona B, Primera División RFEF 22-23)",34.7658352779663
"G. Sueva (22, Olbia, Serie C 22-23)","Seung-Min Song (31, Chungnam Asan, K League 2 2023)",50.64167718614839
"G. Sueva (22, Olbia, Serie C 22-23)","S. Haugen (25, AGF, Superliga 22-23)",55.82129782214329
"G. Sueva (22, Olbia, Serie C 22-23)","V. Muriqi (29, Mallorca, La Liga 22-23)",31.118307261508605
"G. Sueva (22, Olbia, Serie C 22-23)","A. Yunanov (30, Shamakhi FK, Premyer Liqa 22-23)",35.24366749650355
"G. Sueva (22, Olbia, Serie C 22-23)","M. Minchev (22, Sparta Praha, Czech Fortuna Liga 22-23)",44.93419418068121
"G. Sueva (22, Olbia, Serie C 22-23)","S. Cori (34, Alessandria, Serie C 22-23)",33.844009657368886
"G. Sueva (22, Olbia, Serie C 22-23)","M. Estrada (27, Cruz Azul, Liga MX 22-23)",43.96304272181453
"G. Sueva (22, Olbia, Serie C 22-23)","D. Byrne (27, Stirling Albion, Scottish League Two 22-23)",41.51429106008384
"G. Sueva (22, Olbia, Serie C 22-23)","C. Friel (30, Portadown, Northern Ireland Premiership 22-23)",27.14893410423925
"G. Sueva (22, Olbia, Serie C 22-23)","G. Miller (24, Doncaster Rovers, League Two 22-23)",39.19155328447824
"G. Sueva (22, Olbia, Serie C 22-23)","A. Sirbu (18, Metaloglobus, Romanian Liga II 22-23)",62.464603141597706
"G. Sueva (22, Olbia, Serie C 22-23)","J. Wakeling (21, Swindon Town, League Two 22-23)",60.288346987292215
"G. Sueva (22, Olbia, Serie C 22-23)","F. Afena-Gyan (20, Cremonese, Serie A 22-23)",62.06808893604002
"G. Sueva (22, Olbia, Serie C 22-23)","M. Ziereis (30, Bayreuth, 3. Liga 22-23)",37.56797699290821
"G. Sueva (22, Olbia, Serie C 22-23)","S. Anne (25, Excelsior Virton, Belgian First Division B 22-23)",26.862711406267216
"G. Sueva (22, Olbia, Serie C 22-23)","Yago Cariello (23, Portimonense, Primeira Liga 22-23)",34.24899720296175
"G. Sueva (22, Olbia, Serie C 22-23)","K. Etete (21, Cardiff City, Championship 22-23)",40.04095482222071
"G. Sueva (22, Olbia, Serie C 22-23)","Gilson Tavares (21, Benfica II, Portugal Segunda Liga 22-23)",33.564075110566776
"G. Sueva (22, Olbia, Serie C 22-23)","Rafael Martins (34, Casa Pia AC, Primeira Liga 22-23)",47.95371127394116
"G. Sueva (22, Olbia, Serie C 22-23)","O. Conaty (20, Portadown, Northern Ireland Premiership 22-23)",34.28745474061083
"G. Sueva (22, Olbia, Serie C 22-23)","D. Curiale (35, Messina, Serie C 22-23)",53.4468645314029
"G. Sueva (22, Olbia, Serie C 22-23)","V. Lysenko (35, Kolos Kovalivka, Ukrainian Premier Liha 22-23)",48.58616285937184
"G. Sueva (22, Olbia, Serie C 22-23)","Arthur Cabral (25, Fiorentina, Serie A 22-23)",40.45989092087816
"G. Sueva (22, Olbia, Serie C 22-23)","A. Grbić (26, Valenciennes, Ligue 2 22-23)",22.67964895692724
"G. Sueva (22, Olbia, Serie C 22-23)","F. Niederlechner (32, Hertha BSC, Bundesliga 22-23)",48.78474636336527
"G. Sueva (22, Olbia, Serie C 22-23)","C. Offor (23, CF Montréal, MLS 2023)",50.85788117377095
"G. Sueva (22, Olbia, Serie C 22-23)","Angelo Rodríguez (34, Deportivo Pereira, Colombian Primera Division 22-23)",48.99412638396301
"G. Sueva (22, Olbia, Serie C 22-23)","L. Jutkiewicz (34, Birmingham City, Championship 22-23)",23.69358045971228
"G. Sueva (22, Olbia, Serie C 22-23)","Renan (22, Dornbirn, Austrian 2. Liga 22-23)",26.52941944532105
"G. Sueva (22, Olbia, Serie C 22-23)","Toni Martínez (25, Porto, Primeira Liga 22-23)",21.554913277406104
"G. Sueva (22, Olbia, Serie C 22-23)","A. Greive (24, St. Mirren, Scottish Premiership 22-23)",48.38243619168133
"G. Sueva (22, Olbia, Serie C 22-23)","L. Štor (24, AŠK Bravo, 1. SNL 22-23)",36.24548246868105
"G. Sueva (22, Olbia, Serie C 22-23)","D. Arras (25, Gubbio, Serie C 22-23)",50.397565653621534
"G. Sueva (22, Olbia, Serie C 22-23)","M. Lowe (27, Accrington Stanley, League One 22-23)",28.07401066004374
"G. Sueva (22, Olbia, Serie C 22-23)","L. Lauberbach (25, Eintracht Braunschweig, 2. Bundesliga 22-23)",43.975935034165744
"G. Sueva (22, Olbia, Serie C 22-23)","M. Raičević (29, Mornar, Montenegro First League 22-23)",47.66899376573663
"G. Sueva (22, Olbia, Serie C 22-23)","A. Villagran (20, Malacateco, Guatemala Liga Nacional 22-23)",48.7153742369029
"G. Sueva (22, Olbia, Serie C 22-23)","A. Okladnikov (23, Yenisey, Russian FNL 2 22-23)",40.70994521712982
"G. Sueva (22, Olbia, Serie C 22-23)","J. Řezníček (35, Zbrojovka Brno, Czech Fortuna Liga 22-23)",29.25358970049544
"G. Sueva (22, Olbia, Serie C 22-23)","P. Abdulla (29, Jönköpings Södra, Superettan 2023)",29.87878800539136
"G. Sueva (22, Olbia, Serie C 22-23)","O. Hawkins (31, Gillingham, League Two 22-23)",27.386621582549243
"G. Sueva (22, Olbia, Serie C 22-23)","T. Tattermusch (22, Borussia Dortmund II, 3. Liga 22-23)",41.411215775462736
"G. Sueva (22, Olbia, Serie C 22-23)","C. Allen (35, Carrick Rangers, Northern Ireland Premiership 22-23)",47.03447445872568
"G. Sueva (22, Olbia, Serie C 22-23)","J. Johansson (24, Fremad Amager, Danish 1. Division 22-23)",52.01249295440819
"G. Sueva (22, Olbia, Serie C 22-23)","A. Rashiti (24, Kukësi, Albanian Premier League 22-23)",45.39147054661634
"G. Sueva (22, Olbia, Serie C 22-23)","D. Rose (29, Stevenage, League Two 22-23)",14.957545138335792
"G. Sueva (22, Olbia, Serie C 22-23)","O. Zanzala (26, Newport County, League Two 22-23)",47.54031345372455
"G. Sueva (22, Olbia, Serie C 22-23)","R. Loft (25, Bristol Rovers, League One 22-23)",52.77340735894847
"G. Sueva (22, Olbia, Serie C 22-23)","S. Long (36, Reading, Championship 22-23)",48.87369901496344
"G. Sueva (22, Olbia, Serie C 22-23)","M. Mas (22, Sandecja Nowy Sącz, Polish I Liga 22-23)",30.98075368043825
"G. Sueva (22, Olbia, Serie C 22-23)","B. Kadrii (31, OB, Superliga 22-23)",29.904917163096343
"G. Sueva (22, Olbia, Serie C 22-23)","S. Kaba (27, Cardiff City, Championship 22-23)",22.37062597639924
"G. Sueva (22, Olbia, Serie C 22-23)","Gabriel Barbosa (24, Kukësi, Albanian Premier League 22-23)",47.173007511273234
"G. Sueva (22, Olbia, Serie C 22-23)","C. Larin (28, Real Valladolid, La Liga 22-23)",35.48385277974239
"G. Sueva (22, Olbia, Serie C 22-23)","K. Laukžemis (31, Banga, Lithuanian A Lyga 2023)",51.37561189204985
"G. Sueva (22, Olbia, Serie C 22-23)","A. Arkhipov (26, Kuban Krasnodar, Russian FNL 2 22-23)",60.82806661706031
"G. Sueva (22, Olbia, Serie C 22-23)","E. Marzierli (29, San Donato Tavarnelle, Serie C 22-23)",42.55083014744153
"G. Sueva (22, Olbia, Serie C 22-23)","Matheus Cunha (24, Wolverhampton Wanderers, Premier League 22-23)",64.07788377891961
"G. Sueva (22, Olbia, Serie C 22-23)","Adeeb Al Haizan (22, Al Orubah, Saudi First Division 22-23)",54.87233287486093
"G. Sueva (22, Olbia, Serie C 22-23)","C. Bălan (28, PAS Giannina, Greek Super League 22-23)",54.74605123028683
"G. Sueva (22, Olbia, Serie C 22-23)","A. Ndour (25, Zulte-Waregem, Belgian Pro League 22-23)",40.63199276285522
"G. Sueva (22, Olbia, Serie C 22-23)","M. Schäffler (34, Dynamo Dresden, 3. Liga 22-23)",33.24759580182776
"G. Sueva (22, Olbia, Serie C 22-23)","R. Ache (24, Greuther Fürth, 2. Bundesliga 22-23)",31.15139042901108
"G. Sueva (22, Olbia, Serie C 22-23)","O. Barzilay (24, Hapoel Rishon LeZion, Liga Leumit 22-23)",40.94865711742035
"G. Sueva (22, Olbia, Serie C 22-23)","S. Cortelezzi (28, Bellinzona, Swiss Challenge League 22-23)",32.511615246970365
"G. Sueva (22, Olbia, Serie C 22-23)","G. Blanco Leschuk (31, Eibar, La Liga 2 22-23)",36.31638421093677
"G. Sueva (22, Olbia, Serie C 22-23)","K. Renton (32, Cowdenbeath, Scottish League Two 22-23)",17.447202400724183
"G. Sueva (22, Olbia, Serie C 22-23)","B. Wood (30, New England, MLS 2023)",43.22608715443467
"G. Sueva (22, Olbia, Serie C 22-23)","M. Vano (31, Rimini, Serie C 22-23)",48.58983802515859
"G. Sueva (22, Olbia, Serie C 22-23)","Dilson (26, Aswan FC, Egyptian Premier League 22-23)",48.894601867122105
"G. Sueva (22, Olbia, Serie C 22-23)","I. Gruznov (26, Shinnik, Russian FNL 2 22-23)",33.52154896884701
"G. Sueva (22, Olbia, Serie C 22-23)","K. Świderski (26, Charlotte FC, MLS 2023)",26.781555862343005
"G. Sueva (22, Olbia, Serie C 22-23)","R. Kharchouch (27, Excelsior, Eredivisie 22-23)",39.73723385290233
"G. Sueva (22, Olbia, Serie C 22-23)","D. Bosilj (21, AŠK Bravo, 1. SNL 22-23)",29.06928825848582
"G. Sueva (22, Olbia, Serie C 22-23)","C. Doidge (30, Kilmarnock, Scottish Premiership 22-23)",37.96013269799218
"G. Sueva (22, Olbia, Serie C 22-23)","Ha Jae-Hyeon (26, Chuncheon, K3 League 2023)",42.54852080640987
"G. Sueva (22, Olbia, Serie C 22-23)","K. Lien (21, Mjøndalen, OBOS Ligaen 2023)",32.21466473314704
"G. Sueva (22, Olbia, Serie C 22-23)","A. Dereli (30, Altınordu, Turkish 1. Lig 22-23)",48.492512038950565
"G. Sueva (22, Olbia, Serie C 22-23)","D. Ortíz (23, Ufa, Russian FNL 2 22-23)",28.37556416608461
"G. Sueva (22, Olbia, Serie C 22-23)","P. Gladon (31, Fortuna Sittard, Eredivisie 22-23)",33.92138768298892
"G. Sueva (22, Olbia, Serie C 22-23)","S. Coulibaly (28, Karmiotissa, Cyprus 1. Division 22-23)",51.6249101100829
"G. Sueva (22, Olbia, Serie C 22-23)","K. Lasagna (30, Hellas Verona, Serie A 22-23)",40.72729221448271
"G. Sueva (22, Olbia, Serie C 22-23)","R. Al Salem (25, Al Jabalain, Saudi First Division 22-23)",52.27421476935593
"G. Sueva (22, Olbia, Serie C 22-23)","R. König (39, Zwickau, 3. Liga 22-23)",34.52762222874379
"G. Sueva (22, Olbia, Serie C 22-23)","E. Giani (22, Fiorenzuola, Serie C 22-23)",54.16001257643862
"G. Sueva (22, Olbia, Serie C 22-23)","Matheus Babi (25, Santa Clara, Primeira Liga 22-23)",50.69680948524978
"G. Sueva (22, Olbia, Serie C 22-23)","A. Shushenachev (25, Kairat, Kazakh Premier League 2023)",33.32940261394366
"G. Sueva (22, Olbia, Serie C 22-23)","F. Peraza (30, UTC Cajamarca, Peruvian Liga 1 2023)",44.32924795637077
"G. Sueva (22, Olbia, Serie C 22-23)","B. Faye (20, AS Soliman, Tunisian Ligue 1 22-23)",38.93044532627722
"G. Sueva (22, Olbia, Serie C 22-23)","T. Muir (26, Stenhousemuir, Scottish League Two 22-23)",34.28603291317305
"G. Sueva (22, Olbia, Serie C 22-23)","E. Ikoba (25, Zalaegerszegi TE, NB I 22-23)",32.96733376556416
"G. Sueva (22, Olbia, Serie C 22-23)","J. Ayunga (25, St. Mirren, Scottish Premiership 22-23)",54.204961692528656
"G. Sueva (22, Olbia, Serie C 22-23)","K. Tóth-Gábor (21, Pécsi MFC, NB II 22-23)",48.367522102201946
"G. Sueva (22, Olbia, Serie C 22-23)","V. Perlaza (28, ADT, Peruvian Liga 1 2023)",39.89309492837637
"G. Sueva (22, Olbia, Serie C 22-23)","W. Evans (25, Newport County, League Two 22-23)",46.276651174031024
"G. Sueva (22, Olbia, Serie C 22-23)","D. Purkis (27, Glentoran, Northern Ireland Premiership 22-23)",21.457369269047724
"G. Sueva (22, Olbia, Serie C 22-23)","J. Stretton (21, Stockport County, League Two 22-23)",38.01703208456579
"G. Sueva (22, Olbia, Serie C 22-23)","L. Pavoletti (34, Cagliari, Serie B 22-23)",25.75718480957596
"G. Sueva (22, Olbia, Serie C 22-23)","A. Canales (24, Potros del Este, Panama LPF 2023)",39.72202199039695
"G. Sueva (22, Olbia, Serie C 22-23)","Y. Sylla (25, Alessandria, Serie C 22-23)",47.43899988456498
"G. Sueva (22, Olbia, Serie C 22-23)","V. Miljanić (25, Floridsdorfer AC, Austrian 2. Liga 22-23)",35.75560854861596
"G. Sueva (22, Olbia, Serie C 22-23)","M. Finotto (30, Cosenza, Serie B 22-23)",55.93922709551907
"G. Sueva (22, Olbia, Serie C 22-23)","P. Mlapa (32, Al Nasr, UAE Pro League 22-23)",33.96945522233121
"G. Sueva (22, Olbia, Serie C 22-23)","Jassim Ahmad (27, Qatar SC, Qatari Stars League 22-23)",37.93008952365206
"G. Sueva (22, Olbia, Serie C 22-23)","J. Umerah (26, Hartlepool United, League Two 22-23)",56.03029945367628
"G. Sueva (22, Olbia, Serie C 22-23)","K. Phillips (23, Morecambe, League One 22-23)",36.53499226792377
"G. Sueva (22, Olbia, Serie C 22-23)","M. Grosse (24, Kapfenberger SV, Austrian 2. Liga 22-23)",13.90249145284347
"G. Sueva (22, Olbia, Serie C 22-23)","S. Vokes (33, Wycombe Wanderers, League One 22-23)",20.403634200881434
"G. Sueva (22, Olbia, Serie C 22-23)","H. Halim (29, Hougang United, Singapore Premier League 2023)",60.44990764404275
"G. Sueva (22, Olbia, Serie C 22-23)","M. Dennis (21, Milton Keynes Dons, League One 22-23)",66.26818440392792
"G. Sueva (22, Olbia, Serie C 22-23)","M. Fábry (24, Zagłębie Sosnowiec, Polish I Liga 22-23)",48.87529936424277
"G. Sueva (22, Olbia, Serie C 22-23)","M. Rajovic (23, Næstved, Danish 1. Division 22-23)",28.05984965563185
"G. Sueva (22, Olbia, Serie C 22-23)","Pedro Mendes (23, Ascoli, Serie B 22-23)",25.89365015387971
"G. Sueva (22, Olbia, Serie C 22-23)","T. Zajíc (26, České Budějovice, Czech Fortuna Liga 22-23)",56.62018804862635
"G. Sueva (22, Olbia, Serie C 22-23)","B. Rusu (33, Mioveni, SuperLiga României 22-23)",36.960605073361776
"G. Sueva (22, Olbia, Serie C 22-23)","Manu Barreiro (36, Lugo, La Liga 2 22-23)",36.7794322073864
"G. Sueva (22, Olbia, Serie C 22-23)","L. Englund (32, Gefle, Superettan 2023)",47.40189207278867
"G. Sueva (22, Olbia, Serie C 22-23)","D. Selke (28, Köln, Bundesliga 22-23)",34.309144031384406
"G. Sueva (22, Olbia, Serie C 22-23)","E. Havel (20, Liefering, Austrian 2. Liga 22-23)",35.76451003695257
"G. Sueva (22, Olbia, Serie C 22-23)","M. Satriano (22, Empoli, Serie A 22-23)",53.61877880449253
"G. Sueva (22, Olbia, Serie C 22-23)","S. Sakuragawa (21, Fagiano Okayama, J2 2023)",32.45607671526595
"G. Sueva (22, Olbia, Serie C 22-23)","A. Polidori (31, Viterbese, Serie C 22-23)",33.27539531691357
"G. Sueva (22, Olbia, Serie C 22-23)","C. Kavanagh (19, Newport County, League Two 22-23)",39.17068331005812
"G. Sueva (22, Olbia, Serie C 22-23)","F. Pierrot (28, Maccabi Haifa, Ligat Ha'al 22-23)",32.65896145284115
"G. Sueva (22, Olbia, Serie C 22-23)","Y. Kitala (25, Le Havre, Ligue 2 22-23)",51.23714203526247
"G. Sueva (22, Olbia, Serie C 22-23)","N. Bischof (20, Rheindorf Altach, Austrian Bundesliga 22-23)",47.00355432022319
"G. Sueva (22, Olbia, Serie C 22-23)","A. Buziuc (29, Mioveni, SuperLiga României 22-23)",13.631352239471044
"G. Sueva (22, Olbia, Serie C 22-23)","Eric Balastegui (19, Engordany, Andorra Primera Divisió 22-23)",56.71272296878047
"G. Sueva (22, Olbia, Serie C 22-23)","I. Stefanovich (26, Volgar Astrakhan, Russian FNL 2 22-23)",52.858519136931605
"G. Sueva (22, Olbia, Serie C 22-23)","Lucca (33, Lamphun Warrior, Thai League 1 22-23)",52.65746115375991
"G. Sueva (22, Olbia, Serie C 22-23)","H. Zraibi (25, Ittihad Tanger, Botola Pro 22-23)",55.25594205374544
"G. Sueva (22, Olbia, Serie C 22-23)","M. Barsov (30, Neftekhimik, Russian FNL 2 22-23)",27.10480119431174
"G. Sueva (22, Olbia, Serie C 22-23)","Pedro Marques (25, NEC, Eredivisie 22-23)",36.665090758484205
"G. Sueva (22, Olbia, Serie C 22-23)","P. Chavarría (35, Málaga, La Liga 2 22-23)",48.232683207601006
"G. Sueva (22, Olbia, Serie C 22-23)","M. Lepik (22, Kuressaare, Estonian Meistriliiga 2023)",41.656037942521145
"G. Sueva (22, Olbia, Serie C 22-23)","G. Bitin (24, Pendikspor, Turkish 1. Lig 22-23)",49.86390779332737
"G. Sueva (22, Olbia, Serie C 22-23)","A. Ennakouss (21, Chabab Mohammédia, Botola Pro 22-23)",44.55238955631562
"G. Sueva (22, Olbia, Serie C 22-23)","T. Tabatadze (31, Neftchi, Uzbek Super League 2023)",29.56858133152589
"G. Sueva (22, Olbia, Serie C 22-23)","J. Martin (24, Dundalk, League of Ireland PL 2023)",51.80381602911017
"G. Sueva (22, Olbia, Serie C 22-23)","R. Komatsu (24, Matsumoto Yamaga, J3 2023)",24.81215523137522
"G. Sueva (22, Olbia, Serie C 22-23)","B. Šeško (19, Salzburg, Austrian Bundesliga 22-23)",25.96326410891152
"G. Sueva (22, Olbia, Serie C 22-23)","D. Fosu (23, Peterhead, Scottish League One 22-23)",49.94619653375181
"G. Sueva (22, Olbia, Serie C 22-23)","T. Hopper (29, Lincoln City, League One 22-23)",36.58400282330253
"G. Sueva (22, Olbia, Serie C 22-23)","C. Baker-Richardson (27, Crewe Alexandra, League Two 22-23)",33.24923294490723
"G. Sueva (22, Olbia, Serie C 22-23)","J. Jenkins (23, Dungannon Swifts, Northern Ireland Premiership 22-23)",38.39786944656432
"G. Sueva (22, Olbia, Serie C 22-23)","Cassiano (33, Estoril, Primeira Liga 22-23)",54.32359287354842
"G. Sueva (22, Olbia, Serie C 22-23)","K. Appiah (32, Colchester United, League Two 22-23)",35.45908149259161
"G. Sueva (22, Olbia, Serie C 22-23)","Y. Minagawa (31, Renofa Yamaguchi, J2 2023)",31.743914283786573
"G. Sueva (22, Olbia, Serie C 22-23)","M. Leaburn (19, Charlton Athletic, League One 22-23)",53.87921552224192
"G. Sueva (22, Olbia, Serie C 22-23)","Juan Artola (23, Burgos, La Liga 2 22-23)",56.27154759398889
"G. Sueva (22, Olbia, Serie C 22-23)","M. McGuigan (34, Stenhousemuir, Scottish League Two 22-23)",36.05768465931969
"G. Sueva (22, Olbia, Serie C 22-23)","H. Silveira (29, Cerro Largo, Uruguay Primera División 2023)",42.12815803548987
"G. Sueva (22, Olbia, Serie C 22-23)","K. Tagawa (24, Santa Clara, Primeira Liga 22-23)",46.36732735021263
"G. Sueva (22, Olbia, Serie C 22-23)","R. Castillo (31, Nantong Zhiyun, Chinese Super League 2023)",45.106210693188224
"G. Sueva (22, Olbia, Serie C 22-23)","C. Stuani (36, Girona, La Liga 22-23)",48.56296006465587
"G. Sueva (22, Olbia, Serie C 22-23)","J. Westermark (29, Öster, Superettan 2023)",38.206180148076456
"G. Sueva (22, Olbia, Serie C 22-23)","S. Fyda (27, Arzignano Valchiampo, Serie C 22-23)",41.459871249567406
"G. Sueva (22, Olbia, Serie C 22-23)","S. Williamson (22, Queen's Park, Scottish Championship 22-23)",46.04383674031853
"G. Sueva (22, Olbia, Serie C 22-23)","K. Shanks (21, Peterhead, Scottish League One 22-23)",51.59459375619446
"G. Sueva (22, Olbia, Serie C 22-23)","M. Konaté (25, Akhmat Grozny, Russian Premier League 22-23)",39.48820822903733
"G. Sueva (22, Olbia, Serie C 22-23)","K. Joseph (21, Oxford United, League One 22-23)",45.61233615053496
"G. Sueva (22, Olbia, Serie C 22-23)","S. Chabbi (29, Ried, Austrian Bundesliga 22-23)",31.38987836182431
"G. Sueva (22, Olbia, Serie C 22-23)","B. Tóth (28, Kecskeméti TE, NB I 22-23)",41.5760316423719
"G. Sueva (22, Olbia, Serie C 22-23)","R. Street (21, Shrewsbury Town, League One 22-23)",58.777117377726654
"G. Sueva (22, Olbia, Serie C 22-23)","Yuri Jonathan (25, Jeju United, K League 1 2023)",24.754238312362293
"G. Sueva (22, Olbia, Serie C 22-23)","N. Komazec (35, Sloboda Tuzla, Bosnian Premier League 22-23)",51.47322569770787
"G. Sueva (22, Olbia, Serie C 22-23)","D. Németh (19, Zalaegerszegi TE, NB I 22-23)",48.35363054024831
"G. Sueva (22, Olbia, Serie C 22-23)","J. Kombous (30, UTS Rabat, Botola Pro 22-23)",50.79578708799038
"G. Sueva (22, Olbia, Serie C 22-23)","T. Suleymanov (23, Nizhny Novgorod, Russian Premier League 22-23)",47.920064579190566
"G. Sueva (22, Olbia, Serie C 22-23)","Geon-Ju Choi (23, Busan I'Park, K League 2 2023)",30.036320722635637
"G. Sueva (22, Olbia, Serie C 22-23)","R. Bowman (31, Shrewsbury Town, League One 22-23)",46.72860353523622
"G. Sueva (22, Olbia, Serie C 22-23)","Ewan Urain (23, Amorebieta, Primera División RFEF 22-23)",40.291430885377
"G. Sueva (22, Olbia, Serie C 22-23)","K. Giraev (25, KAMAZ, Russian FNL 2 22-23)",40.03089796023795
"G. Sueva (22, Olbia, Serie C 22-23)","V. Alexandru (31, AS FC Buzău, Romanian Liga II 22-23)",41.76615699898182
"G. Sueva (22, Olbia, Serie C 22-23)","A. Maziero (25, Cumbayá, Ecuador Liga Pro 2023)",44.482512930881306
"G. Sueva (22, Olbia, Serie C 22-23)","S. Müller (22, Hallescher FC, 3. Liga 22-23)",54.73361443767178
"G. Sueva (22, Olbia, Serie C 22-23)","F. Borsos (22, Győri ETO, NB II 22-23)",65.11746316133396
"G. Sueva (22, Olbia, Serie C 22-23)","J. Tranziska (21, Admira, Austrian 2. Liga 22-23)",56.157063270622345
"G. Sueva (22, Olbia, Serie C 22-23)","B. Matić (31, Napredak Kruševac, Serbian SuperLiga 22-23)",48.25260996941287
"G. Sueva (22, Olbia, Serie C 22-23)","J. Barrales (36, Asteras Tripolis, Greek Super League 22-23)",39.81738360053111
"G. Sueva (22, Olbia, Serie C 22-23)","E. McGuckin (32, Carrick Rangers, Northern Ireland Premiership 22-23)",30.402411695143392
"G. Sueva (22, Olbia, Serie C 22-23)","M. Kelemen (23, Ružomberok, Slovak Super Liga 22-23)",52.82202848737754
"G. Sueva (22, Olbia, Serie C 22-23)","M. Smith (33, Salford City, League Two 22-23)",23.297912556604167
"G. Sueva (22, Olbia, Serie C 22-23)","G. Cirjan (34, Oţelul, Romanian Liga II 22-23)",34.92814615998184
"G. Sueva (22, Olbia, Serie C 22-23)","M. Monsberger (22, Floridsdorfer AC, Austrian 2. Liga 22-23)",43.14233228182505
"G. Sueva (22, Olbia, Serie C 22-23)","J. Toledo (37, Sarmiento, Argentinian Primera División 2023)",23.354444946395965
"G. Sueva (22, Olbia, Serie C 22-23)","C. Washington (30, Rotherham United, Championship 22-23)",55.80728545358771
"G. Sueva (22, Olbia, Serie C 22-23)","R. Berlinski (28, Rot-Weiss Essen, 3. Liga 22-23)",53.95666355821776
"G. Sueva (22, Olbia, Serie C 22-23)","Beto (25, Udinese, Serie A 22-23)",43.34470162094179
"G. Sueva (22, Olbia, Serie C 22-23)","T. Awoniyi (25, Nottingham Forest, Premier League 22-23)",47.61226939652573
"G. Sueva (22, Olbia, Serie C 22-23)","A. La Mantia (32, SPAL, Serie B 22-23)",42.22429841139508
"G. Sueva (22, Olbia, Serie C 22-23)","N. Todorov (26, Dunfermline Athletic, Scottish League One 22-23)",22.14720927273561
"G. Sueva (22, Olbia, Serie C 22-23)","P. Yordanov (33, OFK Pirin, Bulgarian First League 22-23)",45.81381216922385
"G. Sueva (22, Olbia, Serie C 22-23)","E. Sorga (23, Lokomotiv Plovdiv, Bulgarian First League 22-23)",59.64450659340827
"G. Sueva (22, Olbia, Serie C 22-23)","K. Krastev (24, Beroe, Bulgarian First League 22-23)",50.87323390561272
"G. Sueva (22, Olbia, Serie C 22-23)","B. Manevski (37, Pelister, North Macedonia First League 22-23)",36.516160616691465
"G. Sueva (22, Olbia, Serie C 22-23)","P. Mijić (24, Horn, Austrian 2. Liga 22-23)",29.32334873871763
"G. Sueva (22, Olbia, Serie C 22-23)","M. Mouandilmadji (25, RFC Seraing, Belgian Pro League 22-23)",42.35956214950697
"G. Sueva (22, Olbia, Serie C 22-23)","Oufa (26, ENPPI, Egyptian Premier League 22-23)",44.24373560914668
"G. Sueva (22, Olbia, Serie C 22-23)","A. Vigh (35, Dorogi FC, NB II 22-23)",49.51210596376406
"G. Sueva (22, Olbia, Serie C 22-23)","Alisson Safira (28, Vitória Guimarães, Primeira Liga 22-23)",58.668614220889125
"G. Sueva (22, Olbia, Serie C 22-23)","S. Selmani (21, Kastrioti Krujë, Albanian Premier League 22-23)",51.02838155682551
"G. Sueva (22, Olbia, Serie C 22-23)","C. Wilkinson (28, Walsall, League Two 22-23)",38.67638238133132
"G. Sueva (22, Olbia, Serie C 22-23)","José Ángel Carrillo (29, Huesca, La Liga 2 22-23)",35.241509168333415
"G. Sueva (22, Olbia, Serie C 22-23)","D. Johnson (30, Mansfield Town, League Two 22-23)",48.48006566160777
"G. Sueva (22, Olbia, Serie C 22-23)","M. Đurić (33, Hellas Verona, Serie A 22-23)",33.69806851295083
"G. Sueva (22, Olbia, Serie C 22-23)","F. Noccioli (23, San Donato Tavarnelle, Serie C 22-23)",69.13110750903887
"G. Sueva (22, Olbia, Serie C 22-23)","Bruno Mota (27, Cheonan City, K League 2 2023)",38.38078938935328
"G. Sueva (22, Olbia, Serie C 22-23)","O. Duarte (27, Jaguares de Córdoba, Colombian Primera Division 22-23)",56.985378770343246
"G. Sueva (22, Olbia, Serie C 22-23)","I. Ugbo (24, Troyes, Ligue 1 22-23)",54.9131619887316
"G. Sueva (22, Olbia, Serie C 22-23)","K. Kouassi (19, Sutton United, League Two 22-23)",30.611083199594248
"G. Sueva (22, Olbia, Serie C 22-23)","M. Pink (32, Austria Klagenfurt, Austrian Bundesliga 22-23)",46.76462958616148
"G. Sueva (22, Olbia, Serie C 22-23)","C. Monschein (30, Ried, Austrian Bundesliga 22-23)",62.400352149299096
"G. Sueva (22, Olbia, Serie C 22-23)","A. Sitalo (33, Inhulets, Ukrainian Premier Liha 22-23)",32.64975063719856
"G. Sueva (22, Olbia, Serie C 22-23)","A. Williams (36, Walsall, League Two 22-23)",39.783786142983935
"G. Sueva (22, Olbia, Serie C 22-23)","R. Nemoto (23, Tochigi, J2 2023)",53.95205942688048
"G. Sueva (22, Olbia, Serie C 22-23)","A. Yakubu (24, Rio Ave, Primeira Liga 22-23)",54.451552706641024
"G. Sueva (22, Olbia, Serie C 22-23)","L. Østerby Skjellerup (20, Hobro, Danish 1. Division 22-23)",49.97375789589376
"G. Sueva (22, Olbia, Serie C 22-23)","G. Cooper (25, Chindia Târgovişte, SuperLiga României 22-23)",55.11052464571136
"G. Sueva (22, Olbia, Serie C 22-23)","Antoñín Cortés (23, Anorthosis, Cyprus 1. Division 22-23)",55.51758390306028
"G. Sueva (22, Olbia, Serie C 22-23)","G. Leyes (33, Academia Cantolao, Peruvian Liga 1 2023)",42.54397240724515
"G. Sueva (22, Olbia, Serie C 22-23)","D. Hylton (34, Northampton Town, League Two 22-23)",61.16358810956874
"G. Sueva (22, Olbia, Serie C 22-23)","F. Bohman (26, Trelleborg, Superettan 2023)",59.62606393567452
"G. Sueva (22, Olbia, Serie C 22-23)","K. Connell (21, Raith Rovers, Scottish Championship 22-23)",41.27074739983719
"G. Sueva (22, Olbia, Serie C 22-23)","J. Zuñiga (29, Xinabajul, Guatemala Liga Nacional 22-23)",52.1635733776829
"G. Sueva (22, Olbia, Serie C 22-23)","T. Hopper (29, Colchester United, League Two 22-23)",51.13832830662419
"G. Sueva (22, Olbia, Serie C 22-23)","M. Egho (29, Randers, Superliga 22-23)",47.95174608884082
"G. Sueva (22, Olbia, Serie C 22-23)","M. Hornyák (29, Csákvári TK, NB II 22-23)",47.82324944141204
"G. Sueva (22, Olbia, Serie C 22-23)","M. van Duinen (31, Excelsior, Eredivisie 22-23)",59.80949777676861
"G. Sueva (22, Olbia, Serie C 22-23)","L. Bekui (28, Al Sahel, Saudi First Division 22-23)",53.32623468979213
"G. Sueva (22, Olbia, Serie C 22-23)","Vitor (25, Najran, Saudi First Division 22-23)",53.96041585766481
"G. Sueva (22, Olbia, Serie C 22-23)","M. Jurina (29, Al Faisaly, Saudi First Division 22-23)",54.14242620333973
